{"c":{"0":"sys42.js","trash":["trash.jpg","poneyyyyy.png","\ud83c\udf50c\ud83c\udf50v.zip"],"1":"credits.html","2":"sys42.css.map","3":"desktop.js","4":"apps.js","5":"ILOVEYOU.txt.txt","programs":{"demos":{"hampsterDance":["credits.txt","omfgdogs.mp3","hamu.gif","omfgdogs.gif","anin.gif","nyancat.xm","Carola Haggkvist - Fangad av en Stormvind.xm","icon.gif","originaldedodedo.wav","gerbil.gif","index.html","hamwalk.gif"],"matrix":{"img":["fishburne.png","cat.jpg","._cat.jpg",".DS_Store","._.DS_Store","6860-what-if-i-told-you-morpheus-meme-generator-captionator-wallpaper-1024x768.jpg","._fishburne.png","._whatif.gif","whatif.gif"],"font":["fishburne.ttf","._fishburne.ttf"],"0":"_index.html","1":"index.php"},"tunnel":{"css":["style.css"],"js":["index.js"],"0":"index.html"},"gameOfLife":{"0":"sketch.js","libraries":["p5.dom.js","p5.js","p5.sound.js"],"1":"index.html"},"dangerous":{"css":["style.css"],"img":["5.jpg","13.jpg","19.jpg","7.jpg","15.jpg","18.jpg","2.jpg","oldman.png","zelda_fire_render.gif","10.jpg","3.jpg","16.jpg","23.jpg","22.jpg","14.jpg","8.jpg","17.jpg","11.jpg","12.jpg","21.jpg","1.jpg","9.jpg","sword.png","6.jpg","4.jpg","20.jpg"],"js":["index.js"],"0":"index.html"},"acidBox93":{"data":["zip.gif","file16.png","DJ_Invisible_Pink_-_Live_Acid_at_Databit.mp3","DJ_Invisible_Pink_-_Live_Acid_at_Databit.ogg","logo.png","cursor.png","font.png","file.png"],"0":"index.html"},"starwars":["index.html"]},"keynote":["index.html"],"apps":{"speech":{"js":["index.js"],"0":"index.php"},"opentype":{"g":["hello-world.png"],"0":"README.md","fonts":["FiraSansOT-Medium.otf","SourceSansPro-Regular.otf","Roboto-Black.ttf"],"1":"write.html","2":".jshintignore","3":"style.css","src":{"0":"path.js","1":"encoding.js","2":"font.js","3":"draw.js","4":"table.js","5":"types.js","6":"opentype.js","7":"parse.js","tables":["hmtx.js","sfnt.js","name.js","hhea.js","head.js","kern.js","post.js","loca.js","os2.js","cmap.js","maxp.js","gpos.js","cff.js","glyf.js"],"8":"glyph.js","9":"check.js"},"4":"AUTHORS","5":".jshintrc","6":"glyph-inspector.html","7":"font-inspector.html","8":"CONTRIBUTING.md","9":"LICENSE","dist":["opentype.min.js","opentype.js"],"10":"editor.html","11":".gitignore","12":".npmignore","13":"index.php","14":"RELEASES.md","15":"bower.json","bin":["server.js","ot"],"16":"index.html","17":"readwrite.html","18":"test.html","19":"package.json","20":"site.css"},"3d":{"fonts":{"0":"gentilis_regular.typeface.js","1":"helvetiker_regular.typeface.js","droid":["droid_serif_regular.typeface.js","droid_sans_regular.typeface.js","droid_sans_mono_regular.typeface.js","droid_sans_bold.typeface.js","README.txt","droid_serif_bold.typeface.js","NOTICE"],"2":"LICENSE","3":"helvetiker_bold.typeface.js","4":"gentilis_bold.typeface.js","5":"optimer_regular.typeface.js","6":"optimer_bold.typeface.js"},"models":{"collada":{"0":"avatar.dae","1":"3.dae","Toilet (2) (2)":["Water.jpg"],"3D Girl 1":["__auto_12.jpg","__auto_7.jpg","__auto_26.jpg","__auto_9.jpg","__auto_18.jpg","__auto_10.jpg","_4.jpg"],"petit poney":["_2.jpg"],"2":"1.dae","3":"10.dae","4":"2.dae","5":"VWS_B_Male2-2.jpg","6":"eva1.dae","7":"yellowdog.dae","8":"8.dae","9":"4.dae","10":"7.dae","11":"9.dae","pump":["pump.dae","pump_metalreflect.jpg","pump_body.jpg","pump_gears.jpg"],"12":"6.dae","13":"5.dae"}},"js":{"0":"Detector.js","1":"stats.min.js","effects":["ParallaxBarrierEffect.js","OculusRiftEffect.js","AsciiEffect.js","AnaglyphEffect.js","CrosseyedEffect.js"],"loaders":["ColladaLoader.js"],"2":"three.min.js"},"0":"index.html"},"bytebeat":{"tdl":["string.js","webgl.js","particles.js","programs.js","models.js","primitives.js","error.jpg","math.js","base.js","textures.js","buffers.js","screenshot.js","fps.js","framebuffers.js","fullscreen.js","shader.js","fast.js","clock.js","quaternions.js","log.js","io.js","sync.js","misc.js","loader.js"],"0":"README.md","img":["._iHaveNoIdeaWahtImDoing.png",".DS_Store","iHaveNoIdeaWahtImDoing.png","._.DS_Store"],"js":{"tdl":["tdl-min.js"],"0":"lzma.js","1":"lzma_worker.js"},"__bytebeat":{"0":"README","1":"bytebeat.js","essay":["sawtooth.html"],"2":"nodeglitchparse.js","3":"rpn.js","4":"convert_collection.py","5":"glitchparse.js","6":"_index.html","7":"index.php","8":"glitchparse.html"},"1":"index.php"},"catExplorer":{"0":"catExplorer.js","1":"locationtop.php","2":"nyancathead.gif","3":"catex.php","4":"stars.gif","5":"icon.gif","6":"noframe.php","7":"index.html","8":"snyan.gif","9":"nyancat.gif","ixquick":{"Ixquick Search Engine_fichiers":["jquery.js","jquery_002.js","ixquick.gif","basic_light_hover.png","stp_search.gif","abp.js","jquery-1.js","utility.js","wz_tooltip.js","spacer.gif","jquery.css"],"0":"index.html"}},"pukeData":{"data":["jquery.js","webpd-latest.js","jquery_002.js","pd-fileutils-latest.js","css.css","css_002.css","widgets.js","reset.css","ga.js","d3.js","less-1.js","underscore-min.js"],"0":"index.html"},"piskel":{"css":["piskel-style-packaged.css"],"img":{"0":"local-storage-icon.png","canvas_background":["lowcont_medium_canvas_background.png","medium_canvas_background.png","lowcont_dark_canvas_background.png","light_canvas_background.png"],"1":"save.png","2":"garbage.png","3":"gallery.png","4":"gear.png","5":"favicon.png","6":"duplicate.png","7":"dragndrop.png","8":"import-icon.png","9":"resize-icon.png","tools":["paintbucket-dark.png","eyedropper-dark.png","eraser-dark.png","eyedropper.png","rectangle-dark.png","rectangle.png","pen-dark.png","rectangle_selection.png","rectangle_selection-dark.png","lighten.png","paintbucket.png","hand.png","magicwand.png","magicwand-dark.png","circle.png","eraser.png","hand-dark.png","swap-arrow-square-small-grey.png","mirror.png","circle-dark.png","stroke.png","pen.png"],"10":"cloud_export.png","icons":["color-palette.png","wand.png","rectangle.png","mirror-pen.png","chat.png","select.png","hand.png","dropper.png","circle.png","paint-bucket.png","eraser.png","vertical-mirror-pen.png","stroke.png","pen.png"],"11":"plus.png","12":"keyboard.png","13":"layers.svg"},"templates":{"0":"drawing-tools.html","settings":["import.html","localstorage.html","resize.html","export-png.html","application.html","save.html","export-gif.html"],"1":"preview.html","2":"palettes-list.html","3":"cheatsheet.html","4":"layers-list.html","5":"frames-list.html","dialogs":["manage-palettes.html"],"6":"settings.html"},"js":{"lib":["iframeLoader.js"],"0":"piskel-packaged-min.js","1":"piskel-packaged.js"},"0":"logo.png","1":"index.html","2":"piskel-boot.js"}},"emulators":{"dmg":{"0":"play.php","1":"play.js","js":{"other":["gui.js","json2.js","windowStack.js","resampler.js","test.js","terminal.js","XAudioJS.swf","swfobject.js","XAudioServer.js","resizeWorker.js","mobile.js","base64.js","XAudioServerMediaStreamWorker.js","resize.js"],"0":"GameBoyCore.js","1":"GameBoyIO.js"}},"sms":{"0":"play.php","1":"vdp.js","2":"play.js","3":"soundchip.js","lib":["jquery.editable-1.3.3.min.js","jquery-1.5.1.min.js"],"z80":["opcodes_base.jscpp","z80.pl","opcodes_ed.dat","z80_ddfd.jscpp","z80_ed.jscpp","z80_dis.jscpp","z80_ddfdcb.jscpp","opcodes_cb.dat","z80_cb.jscpp","z80_full.js","opcodes_base_dis.jscpp","opcodes_ddfdcb.dat","z80_macros.jscpp","z80_cb_dis.jscpp","z80_ddfd_dis.jscpp","disass.py","z80.jscpp",".gitignore","Makefile","z80_ddfdcb_dis.jscpp","z80_ops_full.js","z80_ed_dis.jscpp","opcodes_ddfd.dat","opcodes_base.dat","z80_dis.js","z80_ops.jscpp"]},"atarist":{"0":"tos.img","1":"play.php","js":["fdc.js","bug.js","memory.js","files.js","rawinflate.js","processor.js","js-unzip.js","keyboard.js","display.js","main.js","mfp.js","sound.js","io.js","estyJS.js","snapshot.js"]},"zx":["play.php","jsspeccy-core.min.js","jdataview.js","jsspeccy-core.js"]},"games":{"defrag":["3310.ogg","snake.gif","empty.gif","index.php","full.gif"],"Arena93":{"textures":[],"js":["jquery.js","utils.js","Detector.js","three.min.js"],"0":"index.html"},"robby":{"0":"Robby.pde","1":"processing.js","txt":["bank.txt","ascii-codes.txt","joheyInt.txt","street.txt","safe.txt","speech.txt","night.txt","roof.txt","phone.txt","policeHead.txt","speech2.txt","jail.txt","joheyFront.txt","empty.txt","bank2.txt","upThere.txt","deadDeath.txt","tunnel.txt","names.txt","streetLoop.txt","street2.txt"],"2":"index.html"},"castleGafa":{"0":"README.md","1":"download_all_music.py","art":{"0":"menubg_skill.png","1":"getpsyched.png","2":"menubg_levels.png","3":"attack.png","4":"menubg_episodes.png","5":"bj.png","6":"intermission_victory.png","7":"menuitems_levels.png","8":"hudkeys.png","9":"menubg_control.png","10":"hudweapons.png","11":"control_keys.png","12":"paused.png","13":"menuselector.png","14":"menuitems_episodes.png","15":"menulight.png","16":"intermission.png","17":"skillfaces.png","walls-shaded":{"64":["w_59.png","w_85.png","w_69.png","w_17.png","w_31.png","w_77.png","w_107.png","w_19.png","w_25.png","w_89.png","w_73.png","w_49.png","w_29.png","w_79.png","w_37.png","w_81.png","w_13.png","w_47.png","w_21.png","w_39.png","w_87.png","w_9.png","w_45.png","w_3.png","w_1.png","w_5.png","w_65.png","w_7.png","w_33.png","w_3.png.1","w_103.png","w_95.png","walls.png","w_105.png","w_67.png","w_57.png","w_43.png","w_97.png","w_51.png","w_99.png","w_15.png","w_11.png","w_83.png","w_91.png","w_35.png","w_101.png","w_61.png","w_63.png","w_53.png","w_41.png","w_75.png","w_93.png","w_71.png","w_55.png","w_109.png","w_27.png","w_23.png"],"128":["w_59.png","w_85.png","w_69.png","w_17.png","w_31.png","w_77.png","w_107.png","w_19.png","w_25.png","w_89.png","w_73.png","w_49.png","w_29.png","w_79.png","w_37.png","w_81.png","w_13.png","w_47.png","w_21.png","w_39.png","w_87.png","w_9.png","w_45.png","w_3.png","w_1.png","w_5.png","w_65.png","w_7.png","w_33.png","w_103.png","w_95.png","w_105.png","w_67.png","w_57.png","w_43.png","w_97.png","w_51.png","w_99.png","w_15.png","w_11.png","w_83.png","w_91.png","w_35.png","w_101.png","w_61.png","w_63.png","w_53.png","w_41.png","w_75.png","w_93.png","w_71.png","w_55.png","w_109.png","w_27.png","w_23.png"]},"18":"menubg_sound.png","19":"menuitems.png","text-screens":["help-10.png","help-6.png","help-7.png","help-9.png","help-8.png","victory2-1.png","victory1-1.png","help-2.png","help-3.png","victory2-2.png","help-4.png","victory3-1.png","help-11.png","help-5.png","help-1.png","victory1-2.png"],"20":"hudnumbers.png","21":"intermission_secret.png","22":"intermissionbj.png","23":"gamebg.png","24":"intermission_gameover.png","sprites":{"64":["364_373.png","191_241.png","374_388.png","419_430.png","325_337.png","311_324.png","242_291.png","002_053.png","300_310.png",".DS_Store","142_190.png","103_141.png","431_438.png","408_418.png","292_299.png","338_363.png","054_102.png"],"128":["364_373.png","191_241.png","374_388.png","419_430.png","325_337.png","311_324.png","242_291.png","002_053.png","300_310.png","142_190.png","103_141.png","431_438.png","408_418.png","292_299.png","338_363.png","054_102.png"],"129":"spritesheet-64.psd"},"25":"menubg_main.png","26":"confirm_newgame.png","27":"intermissionfont.png","28":"menubg_customize.png","29":"title.png","30":"hudbg.png"},"lsfx":["033.ogg","035.ogg","061.ogg","009.ogg","005.ogg","039.ogg","008.ogg","038.ogg","037.ogg","030.ogg","012.ogg","080.ogg","044.ogg","086.ogg","040.ogg","069.ogg","062.ogg","031.ogg","028.ogg","003.ogg","023.ogg","032.ogg","001.ogg","078.ogg","064.ogg","085.ogg","045.ogg","036.ogg","034.ogg","076.ogg"],"2":"icon.png","music":["GETTHEM.ogg","SALUTE.ogg","TWELFTH.ogg","PREGNANT.ogg","POW.ogg","HEADACHE.ogg","NAZI_RAP.ogg","GOINGAFT.ogg","PACMAN.ogg","CORNER.ogg","ZEROHOUR.ogg","FUNKYOU.ogg","VICTORS.ogg","ENDLEVEL.ogg","ULTIMATE.ogg","HITLWLTZ.ogg","WONDERIN.ogg","INTROCW3.ogg","SUSPENSE.ogg","SEARCHN.ogg","VICMARCH.ogg","DUNGEON.ogg","URAHERO.ogg","WARMARCH.ogg","NAZI_NOR.ogg","ROSTER.ogg","NAZI_OMI.ogg"],"3":"favicon.png","sfx":["054.ogg","019.ogg","035.ogg","061.ogg","017.ogg","027.ogg","013.ogg","091.ogg","025.ogg","052.ogg","119.ogg","071.ogg","026.ogg","046.ogg","022.ogg","082.ogg","037.ogg","012.ogg","080.ogg","044.ogg","011.ogg","086.ogg","109.ogg","105.ogg","010.ogg","002.ogg","040.ogg","069.ogg","103.ogg","096.ogg","115.ogg","112.ogg","074.ogg","049.ogg","001.ogg","102.ogg","078.ogg","084.ogg","015.ogg","007.ogg","107.ogg","034.ogg","065.ogg","076.ogg","024.ogg","088.ogg"],"js":["test.php","angle.js","file.js","input.js","episodes.js","math.js","modernizr.custom.js","load.js","areas.js","jquery-1.7.1.min.js","actstat.js","random.js","actorai.js","doors.js","pushwall.js","ai.js","menu.js","game.js","renderer.js","actors.js","maps.js","weapon.js","player.js","powerups.js","requestAnimFrame.js","sprites.js","wolf.js","sound.js","raycaster.js","level.js"],"4":".gitignore","5":"styles.css","6":"icon.gif","7":"index.html"},"solitude":["README.txt","cards.gif","cards.html","index.html"]}},"libs":{"0":"html2canvas.min.js","1":"LargeLocalStorage.min.js","2":"sheetengine.js","3":"jGravity-min.js","4":"_sheetengine.min.js","5":"LargeLocalStorage.js","6":"aight.min.js","7":"glitch-canvas.min.js","codemirror":{"0":"README.md","addon":{"hint":["show-hint.css","anyword-hint.js","html-hint.js","sql-hint.js","show-hint.js","javascript-hint.js","css-hint.js","xml-hint.js"],"edit":["matchtags.js","closebrackets.js","closetag.js","trailingspace.js","matchbrackets.js","continuelist.js"],"search":["match-highlighter.js","matchesonscrollbar.js","matchesonscrollbar.css","search.js","searchcursor.js"],"selection":["mark-selection.js","active-line.js"],"comment":["comment.js","continuecomment.js"],"dialog":["dialog.css","dialog.js"],"scroll":["scrollpastend.js","simplescrollbars.js","annotatescrollbar.js","simplescrollbars.css"],"runmode":["colorize.js","runmode.node.js","runmode-standalone.js","runmode.js"],"fold":["foldgutter.css","foldcode.js","foldgutter.js","xml-fold.js","comment-fold.js","markdown-fold.js","brace-fold.js","indent-fold.js"],"tern":["tern.js","tern.css","worker.js"],"wrap":["hardwrap.js"],"lint":["json-lint.js","lint.css","css-lint.js","lint.js","coffeescript-lint.js","yaml-lint.js","javascript-lint.js"],"mode":["simple.js","multiplex.js","overlay.js","loadmode.js","multiplex_test.js"],"merge":["merge.js","merge.css"],"display":["rulers.js","panel.js","fullscreen.js","placeholder.js","fullscreen.css"]},"1":".gitattributes","2":"AUTHORS","doc":["upgrade_v2.2.html","realworld.html","internals.html","upgrade_v3.html","reporting.html","docs.css","releases.html","logo.svg","activebookmark.js","logo.png","manual.html","upgrade_v4.html","compress.html"],"theme":["ambiance.css","tomorrow-night-eighties.css","mbo.css","lesser-dark.css","base16-light.css","paraiso-light.css","solarized.css","zenburn.css","xq-dark.css","blackboard.css","tomorrow-night-bright.css","eclipse.css","paraiso-dark.css","base16-dark.css","pastel-on-dark.css","xq-light.css","monokai.css","vibrant-ink.css","the-matrix.css","neo.css","rubyblue.css","3024-day.css","elegant.css","mdn-like.css","3024-night.css","midnight.css","night.css","erlang-dark.css","twilight.css","neat.css","cobalt.css","ambiance-mobile.css"],"lib":["codemirror.css","codemirror.js"],"test":["emacs_test.js","sublime_test.js","mode_test.css","search_test.js","multi_test.js","test.js","scroll_test.js","lint.js","doc_test.js","phantom_driver.js","mode_test.js","vim_test.js","comment_test.js","driver.js","index.html","run.js"],"demo":["simplescrollbars.html","fullscreen.html","closetag.html","bidi.html","btree.html","matchtags.html","changemode.html","markselection.html","rulers.html","tern.html","hardwrap.html","mustache.html","lint.html","preview.html","loadmode.html","anywordhint.html","marker.html","simplemode.html","multiplex.html","activeline.html","indentwrap.html","theme.html","buffers.html","search.html","resize.html","spanaffectswrapping_shim.html","vim.html","closebrackets.html","html5complete.html","panel.html","requirejs.html","sublime.html","xmlcomplete.html","complete.html","widget.html","merge.html","placeholder.html","matchhighlighter.html","folding.html","trailingspace.html","variableheight.html","emacs.html","runmode.html","visibletabs.html"],"3":"CONTRIBUTING.md","4":"LICENSE","5":".gitignore","keymap":["sublime.js","vim.js","emacs.js"],"6":"bower.json","bin":["authors.sh","compress","release","lint","source-highlight"],"7":"index.html","8":".travis.yml","mode":{"dart":["index.html","dart.js"],"haskell":["haskell.js","index.html"],"turtle":["turtle.js","index.html"],"tornado":["tornado.js","index.html"],"asterisk":["asterisk.js","index.html"],"fortran":["fortran.js","index.html"],"clojure":["clojure.js","index.html"],"javascript":["typescript.html","javascript.js","test.js","json-ld.html","index.html"],"diff":["diff.js","index.html"],"soy":["soy.js","index.html"],"textile":["textile.js","test.js","index.html"],"sieve":["sieve.js","index.html"],"gas":["gas.js","index.html"],"tiddlywiki":["tiddlywiki.css","tiddlywiki.js","index.html"],"dylan":["dylan.js","index.html"],"eiffel":["eiffel.js","index.html"],"css":["scss_test.js","less_test.js","css.js","scss.html","test.js","index.html","less.html"],"vb":["index.html","vb.js"],"rpm":{"changes":["index.html"],"0":"rpm.js","1":"index.html"},"octave":["octave.js","index.html"],"kotlin":["kotlin.js","index.html"],"rst":["rst.js","index.html"],"verilog":["test.js","index.html","verilog.js"],"livescript":["index.html","livescript.js"],"http":["http.js","index.html"],"django":["index.html","django.js"],"mirc":["mirc.js","index.html"],"properties":["properties.js","index.html"],"scheme":["scheme.js","index.html"],"tcl":["tcl.js","index.html"],"d":["d.js","index.html"],"sass":["sass.js","index.html"],"gfm":["test.js","gfm.js","index.html"],"php":["test.js","php.js","index.html"],"gherkin":["gherkin.js","index.html"],"ntriples":["ntriples.js","index.html"],"julia":["julia.js","index.html"],"dockerfile":["dockerfile.js","index.html"],"pascal":["pascal.js","index.html"],"coffeescript":["coffeescript.js","index.html"],"go":["go.js","index.html"],"jinja2":["jinja2.js","index.html"],"smarty":["smarty.js","index.html"],"haxe":["haxe.js","index.html"],"dtd":["dtd.js","index.html"],"slim":["test.js","slim.js","index.html"],"vbscript":["vbscript.js","index.html"],"htmlembedded":["index.html","htmlembedded.js"],"sql":["sql.js","index.html"],"cobol":["cobol.js","index.html"],"modelica":["modelica.js","index.html"],"lua":["lua.js","index.html"],"markdown":["markdown.js","test.js","index.html"],"velocity":["velocity.js","index.html"],"ecl":["ecl.js","index.html"],"ebnf":["ebnf.js","index.html"],"perl":["perl.js","index.html"],"smalltalk":["smalltalk.js","index.html"],"apl":["apl.js","index.html"],"yaml":["yaml.js","index.html"],"commonlisp":["commonlisp.js","index.html"],"r":["index.html","r.js"],"clike":["clike.js","index.html","scala.html"],"xml":["xml.js","test.js","index.html"],"q":["q.js","index.html"],"groovy":["groovy.js","index.html"],"pig":["pig.js","index.html"],"shell":["test.js","shell.js","index.html"],"erlang":["erlang.js","index.html"],"pegjs":["pegjs.js","index.html"],"rust":["rust.js","index.html"],"spreadsheet":["spreadsheet.js","index.html"],"python":["python.js","index.html"],"jade":["jade.js","index.html"],"0":"index.html","1":"meta.js","mllike":["mllike.js","index.html"],"smartymixed":["index.html","smartymixed.js"],"nginx":["index.html","nginx.js"],"sparql":["sparql.js","index.html"],"stex":["test.js","stex.js","index.html"],"z80":["index.html","z80.js"],"tiki":["tiki.css","tiki.js","index.html"],"puppet":["index.html","puppet.js"],"idl":["idl.js","index.html"],"ruby":["test.js","ruby.js","index.html"],"haml":["haml.js","test.js","index.html"],"toml":["toml.js","index.html"],"solr":["solr.js","index.html"],"xquery":["test.js","xquery.js","index.html"],"cypher":["cypher.js","index.html"],"htmlmixed":["htmlmixed.js","index.html"]},"9":"package.json"},"codef":["codef_3d.js","codef_gradient.js","codef_music.js","codef_starfield.js","codef_stats.js","codef_decrunch.js","codef_fx.js","codef_core.js","codef_scrolltext.js","new_tween.js","codef_glsl.js","codef_music.NoMinified.js","pt.js","codef_tween.js","codef_mouse.js"],"8":"html5shiv.min.js","9":"jquery.min.map","jqueryui":{"0":"effect-scale.js","1":"selectable.js","2":"spinner.css","3":"dialog.css","4":"slider.js","5":"effect-clip.js","6":"droppable.js","7":"sortable.css","8":"draggable.js","9":"effect-explode.js","10":"tooltip.css","11":"effect-fade.js","12":"effect-pulsate.js","13":"resizable.css","14":"all.css","15":"autocomplete.js","16":"effect-highlight.js","17":"core.js","18":"selectmenu.js","19":"draggable.css","20":"resizable.js","21":"button.css","22":"selectable.css","23":"tabs.css","24":"position.js","25":"selectmenu.css","26":"effect-fold.js","27":"accordion.css","28":"effect-bounce.js","images":["ui-icons_cd0a0a_256x240.png","ui-bg_glass_95_fef1ec_1x400.png","ui-icons_888888_256x240.png","ui-bg_highlight-soft_75_cccccc_1x100.png","ui-bg_flat_75_ffffff_40x100.png","ui-bg_glass_75_dadada_1x400.png","ui-bg_flat_0_aaaaaa_40x100.png","ui-bg_glass_75_e6e6e6_1x400.png","ui-icons_454545_256x240.png","ui-icons_2e83ff_256x240.png","ui-bg_glass_65_ffffff_1x400.png","ui-bg_glass_55_fbf9ee_1x400.png","ui-icons_222222_256x240.png"],"29":"effect-slide.js","30":"button.js","31":"autocomplete.css","32":"effect.js","33":"widget.js","34":"effect-puff.js","35":"menu.js","36":"effect-size.js","37":"progressbar.js","38":"core.css","39":"tooltip.js","40":"dialog.js","41":"theme.css","42":"slider.css","43":"effect-transfer.js","44":"base.css","45":"effect-drop.js","46":"sortable.js","47":"progressbar.css","48":"effect-blind.js","i18n":["datepicker-rm.js","datepicker-af.js","datepicker-eu.js","datepicker-ar-DZ.js","datepicker-az.js","datepicker-km.js","datepicker-it.js","datepicker-be.js","datepicker-ca.js","datepicker-ta.js","datepicker-pt-BR.js","datepicker-nl-BE.js","datepicker-th.js","datepicker-is.js","datepicker-nn.js","datepicker-fr-CA.js","datepicker-pt.js","datepicker-en-NZ.js","datepicker-nl.js","datepicker-it-CH.js","datepicker-gl.js","datepicker-pl.js","datepicker-hu.js","datepicker-fr.js","datepicker-lt.js","datepicker-vi.js","datepicker-uk.js","datepicker-hy.js","datepicker-ms.js","datepicker-es.js","datepicker-et.js","datepicker-sv.js","datepicker-sr.js","datepicker-de.js","datepicker-id.js","datepicker-hi.js","datepicker-lb.js","datepicker-mk.js","datepicker-bs.js","datepicker-el.js","datepicker-hr.js","datepicker-ka.js","datepicker-ky.js","datepicker-sr-SR.js","datepicker-ru.js","datepicker-tr.js","datepicker-sk.js","datepicker-sq.js","datepicker-ar.js","datepicker-ko.js","datepicker-tj.js","datepicker-bg.js","datepicker-da.js","datepicker-cy-GB.js","datepicker-fr-CH.js","datepicker-ro.js","datepicker-zh-HK.js","datepicker-ja.js","datepicker-fi.js","datepicker-en-AU.js","datepicker-lv.js","datepicker-fo.js","datepicker-he.js","datepicker-ml.js","datepicker-zh-CN.js","datepicker-en-GB.js","datepicker-nb.js","datepicker-zh-TW.js","datepicker-cs.js","datepicker-kk.js","datepicker-fa.js","datepicker-no.js","datepicker-sl.js","datepicker-eo.js"],"49":"menu.css","50":"datepicker.css","51":"effect-shake.js","52":"tabs.js","53":"datepicker.js","54":"accordion.js","55":"spinner.js","56":"mouse.js"},"reveal":{"0":"README.md","css":{"theme":{"source":["night.scss","moon.scss","sky.scss","simple.scss","serif.scss","beige.scss","solarized.scss","default.scss","blood.scss"],"0":"README.md","1":"sky.css","2":"solarized.css","3":"blood.css","4":"serif.css","5":"default.css","template":["settings.scss","mixins.scss","theme.scss"],"6":"simple.css","7":"moon.css","8":"beige.css","9":"night.css"},"0":"reveal.min.css","print":["paper.css","pdf.css"],"1":"reveal.css"},"1":"Gruntfile.js","lib":{"css":["zenburn.css"],"font":["league_gothic_license","league_gothic-webfont.ttf","league_gothic-webfont.eot","league_gothic-webfont.svg","league_gothic-webfont.woff"],"js":["html5shiv.js","classList.js","head.min.js"]},"plugin":{"print-pdf":["print-pdf.js"],"highlight":["highlight.js"],"remotes":["remotes.js"],"postmessage":["example.html","postmessage.js"],"leap":["leap.js"],"zoom-js":["zoom.js"],"search":["search.js"],"markdown":["example.html","marked.js","markdown.js","example.md"],"notes-server":["notes.html","client.js","index.js"],"notes":["notes.html","notes.js"],"multiplex":["master.js","client.js","index.js"],"math":["math.js"]},"test":{"0":"test-markdown.html","1":"test-markdown-element-attributes.js","2":"qunit-1.12.0.js","3":"test-markdown-slide-attributes.html","4":"test.js","5":"test-markdown.js","6":"test-markdown-slide-attributes.js","examples":{"0":"embedded-media.html","1":"math.html","2":"slide-backgrounds.html","3":"barebones.html","assets":["image2.png","image1.png"]},"7":"qunit-1.12.0.css","8":"test-markdown-element-attributes.html","9":"test.html"},"js":["reveal.js","reveal.min.js"],"2":"CONTRIBUTING.md","3":"LICENSE","4":"index.html","5":"package.json"},"10":"jquery.min.js","11":"sheetengine.min.js","12":"howler.min.js"},"sys":{"xmas":{"bg":["5.jpg","7.jpg","30.jpg","o0R44.gif","18.jpg","ezhjfdhzedb.jpg","jzefhgj.jpg","29.jpg","25.jpg","zekhzeud.jpg","zegyuzdgyud.jpg","gif-cat-christmas-tree-838731.gif","23.jpg","a5llmNW.gif","17.jpg","christmas-jammies2.jpg","snoop.jpg","524533.jpg","27.jpg","26.png","kejzfhjzh.jpg","wb3uH.jpg","65431234.jpg","1zZIM.jpg","12.jpg","11.gif","33.jpg","14235.jpg","24.jpg","3245345.jpg","28.jpg","MDnmx3M.png","9.jpg","Merry_5ab723_1408311.jpg","20.jpg","kjdf.jpg","7YL1e82.jpg","destroy-Christmas.jpg"],"img":["snow.gif","logow.png"],"js":["ThreeCanvas.js","initXmas.js","Snow.js"],"0":"xmas.png"},"cursors":["skull.cur","cursor.cur","aim.cur"],"fonts":{"Topaz-8":{"0":"Topaz-8.eot","1":"Topaz-8.woff2","2":"Topaz-8.woff","specimen_files":["specimen_stylesheet.css","grid_12-825-55-15.css","easytabs.js"],"3":"Topaz-8-demo.html","4":"Topaz-8.ttf","5":"generator_config.txt","6":"Topaz-8.svg"},"t!s-af10":{"0":"stylesheet.css","fon":["P0T-NOoDLE_v1.0.fon","Topaz_a1200_v1.0.fon","mO'sOul_v1.0.fon","MicroKnightPlus_v1.0.fon","TopazPlus_a1200_v1.0.fon","Topaz_a500_v1.0.fon","MicroKnight_v1.0.fon","TopazPlus_a500_v1.0.fon"],"raw":["MicroKnight_v1.0.raw","mO'sOul_v1.0.raw","TopazPlus_a1200_v1.0.raw","TopazPlus_a500_v1.0.raw","MicroKnightPlus_v1.0.raw","Topaz_a1200_v1.0.raw","P0T-NOoDLE_v1.0.raw","Topaz_a500_v1.0.raw"],"psf1":["Topaz_a500_v1.0.psf.gz","P0T-NOoDLE_v1.0.psf.gz","mOsOul_v1.0.psf.gz","MicroKnight_v1.0.psf.gz","Topaz_a1200_v1.0.psf.gz","TopazPlus_a500_v1.0.psf.gz","MicroKnightPlus_v1.0.psf.gz","TopazPlus_a1200_v1.0.psf.gz"],"svg":["MicroKnight_v1.0.svg","TopazPlus_a1200_v1.0.svg","Topaz_a1200_v1.0.svg","Topaz_a500_v1.0.svg","TopazPlus_a500_v1.0.svg","P0T-NOoDLE_v1.0.svg","mOsOul_v1.0.svg","MicroKnightPlus_v1.0.svg"],"screens":["ty_topazplus500_2.png","ty_topaz1200_2.png","ty_mosoul_1.png","ty_microknight_1.png","ty_microknight_2.png","ty_microknightplus_1.png","ty_topazplus500_1.png","ty_potnoodle_2.png","ty_potnoodle_1.png","ty_mosoul_2.png","ty_topaz500_2.png","ty_topazplus1200_2.png","ty_topazplus1200_1.png","ty_microknightplus_2.png","ty_topaz500_1.png","ty_topaz1200_1.png"],"ttf":["TopazPlus_a1200_v1.0.ttf","TopazPlus_a500_v1.0.ttf","MicroKnight_v1.0.ttf","P0T-NOoDLE_v1.0.ttf","Topaz_a1200_v1.0.ttf","MicroKnightPlus_v1.0.ttf","mOsOul_v1.0.ttf","Topaz_a500_v1.0.ttf"],"psf2":["Topaz_a500_v1.0.psf.gz","P0T-NOoDLE_v1.0.psf.gz","mOsOul_v1.0.psf.gz","MicroKnight_v1.0.psf.gz","Topaz_a1200_v1.0.psf.gz","TopazPlus_a500_v1.0.psf.gz","MicroKnightPlus_v1.0.psf.gz","TopazPlus_a1200_v1.0.psf.gz"],"eot":["TopazPlus_a500_v1.0.eot","MicroKnight_v1.0.eot","mOsOul_v1.0.eot","MicroKnightPlus_v1.0.eot","Topaz_a1200_v1.0.eot","Topaz_a500_v1.0.eot","P0T-NOoDLE_v1.0.eot","TopazPlus_a1200_v1.0.eot"],"misc":["table.txt","mO'sOul.readme"],"1":"readme.txt","woff":["mOsOul_v1.0.woff","MicroKnight_v1.0.woff2","MicroKnightPlus_v1.0.woff2","Topaz_a1200_v1.0.woff2","MicroKnightPlus_v1.0.woff","MicroKnight_v1.0.woff","TopazPlus_a500_v1.0.woff","Topaz_a500_v1.0.woff2","P0T-NOoDLE_v1.0.woff2","TopazPlus_a1200_v1.0.woff2","Topaz_a1200_v1.0.woff","mOsOul_v1.0.woff2","TopazPlus_a1200_v1.0.woff","P0T-NOoDLE_v1.0.woff","TopazPlus_a500_v1.0.woff2","Topaz_a500_v1.0.woff"],"2":"file_id.diz"},"0":"TopazPlus_a500.css","1":"C64_Pro-STYLE.css","2":"Topaz_a500.css","3":"Topaz-8.css","4":"Tomo.css","5":"Topaz_a1200.css","Perfect_DOS_VGA_437":["Perfect_DOS_VGA_437.svg","Perfect_DOS_VGA_437.woff","Perfect_DOS_VGA_437.ttf","readme.txt","Perfect_DOS_VGA_437.eot"],"6":"px_sans_nouveaux.css","7":"C64_Pro_Mono-STYLE.css","8":"TopazPlus_a1200.css","C64_TrueType_v1.2-STYLE":["C64_Pro-STYLE.eot","C64_Pro-STYLE.woff","license.txt","C64_Pro-STYLE.woff2","C64_Pro_Mono-STYLE.svg","C64_Pro-STYLE.ttf","test-woff.html","test-woff2.html","C64_Pro_Mono-STYLE.ttf","C64_Pro-STYLE.svg","screenshot.png","test-svg.html","C64_Pro_Mono-STYLE.woff","C64_Pro_Mono-STYLE.eot","test-eot.html","STYLE.nfo","test-ttf.html","file_id.diz","C64_Pro_Mono-STYLE.woff2"],"Tomo":["license.txt","Tomo.ttf","about.nfo","Tomo.svg","Tomo.woff2","Tomo.woff","Tomo.eot","generator_config.txt"],"9":"MicroKnightPlus.css","10":"P0T-NOoDLE.css","11":"MicroKnight.css","12":"mOsOul.css","px_sans_nouveaux":["px_sans_nouveaux.svg","license.txt","px_sans_nouveaux.ttf","px_sans_nouveaux.eot","px_sans_nouveaux.woff2","generator_config.txt","px_sans_nouveaux.woff"],"13":"Perfect_DOS_VGA_437.css"},"ico32":["my_documents.png","gameOfLife.png","mail.png","lsdj.png","nanoloop.png","framapad.png","gbc.png","letter.png","php.png","hydra.png","database.png","c64.png","robby.png","corgi.gif","feed.png","help.png","programs.png","sound_on.png","dangerous.png","video.png","zkype.png","defrag.png","mails.png","error.png","trophy.gif","zip.png","love.png","house_icon.gif","xray.png","yoda.gif","recycle_bin.png","config.png","doctor.gif","find.png","recycle.png","dora.png","css.png","backup.png","nyanexplorer.png","arena93.png","databit.gif","sick.png","md.png","sms.png","textchat.png","documents.png","codemirror.png","sound_off.png","drivea.gif","pin.png","py.png","question.png","settings.png","shutdown.png","network.png","acidBox.png","rescan2.png","txt.png","annaKournikova.gif","music.png","a1.png","img.png","terminal.png","rss.png","start.png","stats.png","computer.png","folder.png","poney.gif","pd.png","cur.png","rescan.png","home.png","dolphin.png","magic.png","globe.png","note.png","paint.png","tunnel.png","helix.png","matrix.png","info.png","miniW93.png","alert.png","win93.png","hd.png","pdf.png","js.png","voice.png","solitaire.gif","font.png","nfo.png","chat.gif","gb.png","file.png","scan.png","cubes.png","glitchgirlz.png","html.png","run.png","myspace.png","news.png","desktop.png","inception.png","explorer.png","sound.png","ttf.png","bytebeat.png"],"ico16":["redo.png","wamp_online.png","feed.png","sound_on.png","love.png","sound_off.png","message.png","start.png","home.png","wamp_offline.png","myspace.png"],"boot":["screenSaver.html","codef_fx.js","codef_core.js","boot.mp3","splash.html","boot.ogg"],"img":["progress_bar.gif","maximize1.png","loading.gif","carreaux.png","logow.png","close1.png","trame.png","minimize1.png","spacer.gif","defragmentation.gif","help1.png"],"sounds":["QUACK.ogg","CHORD.ogg","BLOP.ogg"],"0":"sprites.css","skins":["helper.css.map","w93.css.map","helper.css","w93.css"],"1":"sprites.png"},"6":"sys42.css","files":{"movies":["stive.mov"],"sounds":["lalalalala.swf.mp3","nameless-scream-3-howie-scream.mp3","oh-yeah.mp3","fatality.swf.mp3","mp3_10.mp3","hh.mp3","gabba.mp3","trollolol.swf.mp3","chewbacca.swf.mp3","CHORD.mp3","drama.swf.mp3","mktoasty_1.mp3","ouink.mp3","Aw this stuff is really fresh.mp3","wtf_boom.mp3","duke-nukem-shit-happens.mp3","fuck.mp3","over9000.swf.mp3","ballsofsteel.swf.mp3","doh.swf.mp3","laugh.mp3","dun_dun_1.mp3","ok party people in the house.mp3","fuckoff.mp3","goodbadugly-whistle-long.mp3","chuck.mp3","metalgearsolid.swf.mp3","george-micael-wham-careless-whisper-1.mp3","oh my god.mp3","no-god-please-no-noooooooooo.mp3","bande_de_putain_de_sales_putes.mp3","hallelujahshort.swf.mp3","silent-hill-2-siren.mp3","Road kill.mp3","Groovy_Blue_Nokia_3310_Ringtone_28.mp3","sadtrombone.swf.mp3","thisissparta.swf.mp3","gameboy.mp3","wouh_01.mp3","dramatic.swf.mp3","i-will-always-love-you-low.mp3","crack_the_whip.mp3","efeitos-sonoros-fiu-fiu.mp3","aplausos_2.mp3","dry-fart.mp3","censor-beep-1.mp3","air-horn.mp3","combobreaker.mp3","gangnamstyle.mp3","sound-9______.mp3","did you miss me.mp3","headshot-01.mp3","mashed potatoes.mp3","tripple rainbow.mp3","tada.mp3","demoman_specialcompleted11.mp3","cuek.swf.mp3","efeitos-sonoros-brasil-sil-sil-rede-globo.mp3","dramatic-end.mp3","peproll1.mp3","check this out.mp3","Macarena.mp3","emobullshit.ogg","yanp.mp3","wouh_02.mp3","im-batman.mp3","it's party time.mp3","shutup.swf.mp3","power-logo.mp3","hit it.mp3","snoop-dogg-smoke-weed-everyday.mp3","exterminate.mp3","lightsaber_02.mp3","mk.mp3","DAMN SON! WHERED YOU FIND THIS.mp3","shooting-the-crap-out-of-somone.mp3","dramatic-look-kill-bill1.mp3","hadouken.mp3","final-fantasy-v-music-victory-fanfare.mp3","boomheadshot.swf.mp3","fua.mp3","snare.mp3","this is penis.mp3","utini.mp3","badumtss.swf.mp3","double_rainbow.mp3"],"documents":{"private":{"SUPER TOP PRIVATE":{"THIS IS PRIVATE STOP":{"WHAT ARE YOU DOING":{"WHAT STOP PLEASE":{"I DID NOT GIVE YOU PERMISSION":{"PRIVATE GET THE HELL OUT":{"YOUR HURTING ME STOP":{"HOW HAVE I WRONGED YOU":{"I WILL PUNCH YOU IN THE FACE":{"PLEASE STOP ITS PRIVATE":{"I HATE YOU":{"PORN":["rick astley.jpg"]}}}}}}}}}}}},"archiveorg":{"myspace":{"0":"index.html","myspace_files":["addFavoritesIcon.gif","OnlineNowNodeParser.js","forwardMailIcon.gif","584146535_s.jpg","ASJS031.js","640980467_s.jpg","graph-calc.js","functions.js","highlightInterests.js","messagefriend.gif","icon_rank_user4.gif","642305332_s.jpg","banner-styles.css","470965277_s.jpg","319721637_s.jpg","blockuser.gif","538451893_s.gif","UsersOnline.html","75387000_s.jpg","sendMailIcon.gif","wm_tb_prv_off.png","288924338_s.jpg","icon_add_to_group.gif","transp-red-pixel.png","clear.gif","625248371_s.jpg","591464051_s.jpg","558268260_s.jpg","myspace.css","161568786_s.jpg","605724873_s.jpg","145948252_s.jpg","324303002_s.jpg","643212809_s.jpg","180977526_s.jpg","638771415_s.jpg","295109277_s.jpg","wddx.js","641720366_s.jpg","643913974_s.jpg","319018830_s.jpg","analytics.js","graph.jsp","155_s.jpg","151564231_s.jpg","610580117_s.jpg","488835591_s.jpg","wm_tb_nxt_on.png","411802947_s.gif","String.js","301486688_s.jpg","disclaim-element.js","452773144_s.gif","404724118_s.jpg","620589386_s.jpg","452857560_s.jpg","507782694_s.jpg","367734603_s.jpg","331952544_s.jpg","645588872_s.jpg","479171164_s.jpg","rmtag3.js","588356929_s.jpg","497652233_s.jpg","addFriendIcon.gif","6343714_m.JPG","501771418_s.jpg","586624017_s.jpg","1by1.gif","styles.css","595075939_s.jpg","profile.css","488104983_s.jpg","WDDXRemotingClient.js","471600703_s.jpg","wayback-toolbar-logo.png","593642295_s.jpg","557757957_s.jpg","394621978_s.jpg","638481048_s.jpg","472678472_s.jpg","myspace.js","jquery.min.js","browser_detect.js","647234564_s.jpg","618752415_s.jpg","transp-yellow-pixel.png","630035138_s.jpg","547651379_s.jpg","647125117_s.jpg"]}},"keynotes":{"opening":["index.html"]},"ressources":{"electronic":{"yamaha":{"djx2b":["Yamaha DJX-IIB manual.pdf"],"pss270":{"0":"Xmod_&_filter.rtf","1":"pss-270-tutorial.html","pss-270-tutorial_fichiers":{"0":"rckYgkg0tMQhlenfs1","1":"pss270complete-300x225.jpg","2":"shs-10-wireda-300x246.jpg","3":"style.css","4":"a.js","5":"pss140-2-300x212.jpg","6":"sharethis.css","lightbox_data":["share.css","all.js","mootools-1.js"],"7":"pss270wiredup-300x225.jpg","8":"pss270desoldered-300x225.jpg","9":"bylines.css","10":"pss270board1-300x225.jpg","11":"deprecated.css","12":"nav.css","13":"pss270wired-300x225.jpg","14":"multimedia.css","15":"ga.js","16":"pss270board2-300x225.jpg","17":"pic3.gif","18":"headlines.css","19":"swfobject.js","20":"sidebars.css","21":"header.css","22":"footer.css","23":"content.css","24":"widths.css","25":"pss270sw-wires-300x225.jpg","26":"custom.css","27":"lightbox.html"}},"shs10":["yamaha_shs-10.jpg"],"rx21":["yamaha_rx21.jpg"]},"nes":["nes_1.jpg","nes_2.jpg","nes_3.jpg"],"iphone":["iphone_cable_diagram_2.jpg","iphone_cable_diagram_1.gif"],"555":["lfo_w_trig_pcb.zip","lfo_trigger_components.jpg","Tim_Pickup-The_555_Chip.mp3"],"jamma":["supergunbuild.pdf"],"megaphone":["megaphone_02.jpg","megaphone_01.jpg","megaphone_03.jpg"],"atari":["STe_Schematic_10-3-1989.pdf","atari-joystick.jpg"],"hinghon":["ak-900.pdf","hing_hon_ek_001_by_osica_ciruit_bending_522.jpg","hinghon.jpg"],"casio":{"RAPMAN":["earslicker.free.fr.RapmanBent.jpg","BILD1106.JPG","rapman.rtf","bends.JPG"],"SA":["SA-Xbends.jpg","SA-X.jpg","SA-Xbends2.jpg"],"pt":["pt-1.jpg"],"vl-tone":["02_VLtoneBends.jpg","01_VL-tone_adsr.rtf","03_gijs_trigger_in_vl-tone.gif"],"SK1":{"SK-1 Filter Bypass Mod":["SK-1-filter-bypass.txt","SK-1-filter-bypass-PCB-side.jpg","SK-1-filter-bypass.jpg","SK-1 Filterbypass Demo.mp3"],"0":"sk1_kevin_01.jpg","1":"sk-1 RESET-medium.jpg","2":"Bends and Triggers.jpg","3":"Illustrated pitch bend wheel instructions for SK5 SK8.doc","4":"MIDI thru circuit.doc","5":"Casio SK-1 service manual.zip","6":"trigger_in_sk-1.jpg","tablebeast":["Do it Yourself SK-1 Mods!2.html","Do it Yourself SK-1 Mods!.html","Do it Yourself SK-1 Mods!3.html"],"7":"Oriental Mod Switch Spot.jpg","8":"210147322_0e3cfafd07.jpg","9":"Ssl10501.jpg","10":"Casio sk-8 Manual.pdf","11":"modularSK1-15.jpg","reeed-aleatron-sk1_fichiers":["bctr.gif","urchin.js","gal_tr.gif","gal_tl.gif","gal_br.gif","spacer.gif","bctl.gif","gal_bl.gif","cblogo.gif"],"12":"jankenpopp_03.JPG","13":"modularSK1-20.jpg","14":"210155939_aa1e002aa5.jpg","15":"Oriental Keyboard Section.jpg","16":"sk1_ad.jpg","17":"Instrument pitch bend.JPG","18":"sk1_patchpoints.jpg","19":"_sk-1 channel out1.jpg","20":"210147325_f1f87abec8_z.jpg","21":"_janken-sk1-bends.jpg","22":"sk1_mike_02.jpg","_skm2":{"install-sk-1_fichiers":["sk-1-button-ribbon.jpg","sk-1-keyboard-wired.jpg","sk-1-panel-jack.jpg","sk-1-speaker-removed.jpg","sk-1-skm.jpg","sk-1-panel.jpg","sk-1-buttons-wired.jpg","sk-1-midi.jpg","pcb.jpg","sk-1-keyboard-ribbon.jpg","sk-1-power.jpg","sk-1-speaker.jpg","sk-1-pcb-wired.jpg","sk-1-panel-holes.jpg","hl_banner2.gif","midi-receptacle-pin-numbering.jpg","sk-1-midi-wired.jpg","pcb-assembled.jpg","hl.css","sk-1-power-wired.jpg","midi-panel-cutout.jpg"],"0":"install-sk-1.html","1":"assembly.html","assembly_fichiers":["ssdiode.jpg","dip8.jpg","dipsw5.jpg","r220.jpg","pcb.jpg","monocap.jpg","hl_banner2.gif","r10k.jpg","pcb-assembled.jpg","hl.css","dip28hl.jpg"]},"23":"casio_sk-1_basic_bend_points.jpg","24":"videoout_casio_sk-1.jpg","25":"Casio SK-1 service manual.pdf","26":"sk5 pitch bend wheel cavity.jpg","27":"sk1_kevin_02.jpg","28":"555 + LFO.JPG","29":"panel.jpg","30":"sk1aleatron_002.jpg","31":"_Rom chip Connections.jpg","32":"US4667556.pdf","33":"modularSK1-12.jpg","34":"sk1aleatron_001.jpg","35":"jankenpopp_02.JPG","36":"SK-1 Wiley.jpg","37":"MIDI THRU port circuit installation.doc","38":"Global view.JPG","39":"sk1-2005.jpg","40":"jankenpopp_01.JPG","41":"555 based LFO.pdf","42":"SK1_ServiceManual.pdf","43":"circuitbent_sk-1_rom-749351.JPG","44":"4029 datasheet.pdf","45":"Steves SK1.jpg_595.jpg","46":"pitch bends.JPG","47":"e304_1.JPG","48":"reeed-aleatron-sk1.html","49":"casio_sk-1_video_out-2.JPG","50":"Slo-AD%20mod.pdf","51":"l_88ed15105e18c1cf4648930917dd2cc6.jpg","52":"P1050116.JPG","53":"VCF%20with%20res%20CV%20in.pdf","54":"SK8 Oriental Mode Mod.doc","55":"210147320_fed9e8eca2.jpg","56":"de_12_sb-782713.JPG"}},"sega":{"megadrive":{"bending":["genesis2.jpg","genesis1.jpg"],"switch":["megadrive_switch_fr.pdf"]}},"texas instrument":{"super_dictee_magique":{"0":"SuperS&S.html","SuperS&S_fichiers":["earslicker_003.JPG","earslicker_003.gif","earslicker_005.JPG","pixel.gif","earslicker_004.gif","earslicker.JPG","earslicker_002.JPG","earslicker_004.JPG","earslicker_002.gif","PDF.jpg","earslicker.gif"]},"speak&spell":{"0":"speak and math.jpg","1":"spandspell-circuit-guiye.jpg","2":"Speak-and-Spell-Transformer.jpg","speakicons":["Speak_&_Spell.ico","Speak_&_Music.ico","UK_Super_Speak_&_Spell.ico","Speak_Me_First.txt","US_Super_Speak_&_Spell.ico","3D_Speak_&_Spell.ico","Speak_&_Maths.ico","Speak_&_Read.ico"],"3":"phlegm_pitch.gif","4":"SP0250_Applications_Manual.pdf","5":"phlegm_loop.gif","lfo":["lfo_out_807.jpg","lfo_schematic2_206.jpg"],"6":"LFO schematic2.jpg","7":"Speak-and-Spell-BrerFox.jpg","8":"Little-Maestro.jpg","9":"TI Speak and Read 1.jpg","10":"TI Speak and Spell - What I used on my first one.jpg","11":"TI Speak and Spell 2.jpg","12":"Speak n SHit - membrane button matrix.pdf","13":"phlegm_glitch.gif","14":"speaknspell.WMV","15":"TI Speak and Read 2.jpg","modules":["MightyVerbs_FR_Module_WL_FR.pdf","LesMotsDiff_Module_WL_FR.pdf","VowelPower_FR_Module_WL_FR.pdf","LesMots_Module_WL_FR.pdf","LesET_Module_WL_FR.pdf","LesAnimaux_Module_WL_FR.pdf","LesMagasins_Module_WL_FR.pdf"],"16":"Ti Speak and Read 3.jpg","17":"lucie_schematic.jpg","18":"peteedwards_speak_spell.jpg","19":"phlegm_beep.gif","20":"TI Speak and Math 1.jpg","21":"DSC_0840.JPG","22":"relaysequencer.jpg","23":"touchpoints.jpg","24":"DIY-Circuit-Bending-Fig3.gif","25":"The Casper LFO.jpg","26":"TI Speak and Spell 4.jpg","27":"TI Speak and Math.jpg","28":"TI Speak and Spell 3.jpg","29":"SpeakAndSpell2.jpg","30":"spknspl.jpg","31":"tms5220.pdf","32":"The Electronic Peasant's VFD Ring Modulator Page.pdf","33":"ASSEMBLYdiagram.jpg","34":"Speak n SHit - convert membrane matrix to rotary switches.pdf","35":"TI Speak and Spell 1.jpg","exemple-design":["circuit-bent-speak-spell-freakenspeak-2.jpg","manual_speakntweak.pdf","st505_01.jpg","pic00013.jpg","1168916231.jpg","manual_livesm.pdf","snm1.jpg","speak-spell-guitar.jpg"],"36":"S&Swkeyboard.jpg","37":"ST808.jpg"},"touch&tell":{"0":"index2.php.html","burnkit gear \u00bb ti touch & tell_fichiers":["tnt_2c.jpg","audio_mp3_stop.gif","tnt_DIP.jpg","random-image.jpg","icon-mallow.gif","icon-SP.gif","style.css","tnt_2b-guit.jpg","icon-firefox.gif","player.swf","tnt_luigi.jpg","tnt_phoneme.jpg","icon-wpzn.jpg","audio_mp3_play.gif","TTcarts.jpg","pitchmod.jpg","index.png","icon-rss2.png","icon-commentsRSS.png","TT_game_select.jpg","tnt_vol.jpg","cd2802.jpg","anarchy_media_player.php","icon-WP.png","tnt_1a-SI.jpg","TT_kid.jpg","TT_Ribbon.jpg"],"1":"burnkit gear \u00bb TI Touch & Tell.html","index2.php_fichiers":["nbp_tt2.jpg","smt.gif","mc.gif","stool.gif","ttnomomsw.gif","sail.css","cb_tt1.jpg","ttrotspstrcasw.gif","tandtschem.jpg"]}},"video":{"karl_klomp":["omp-circuit1.jpg","AD8072.pdf"],"dirty_mixer":["dirty-video-mixer_01.jpg","dirty-video-mixer_02.jpg"]},"roland":{"tr-505":{"0":"bitcrusher1.png","1":"bitcrusher2.png","2":"tr-505.PDF","tr-505_fichiers":["df01199533646162e95483404dde61e6.png","5d4b5734efdcc817c2b08eab935e3e16.png","jquery.js","wppa_slideshow.js","comment-reply.js","4f17d705ae5406aa39a6faa1be53b9fa.png","a86966db9e16bcc4a1b3232e128a59af.png","a","f52193ff19b14830fee571d5ee819863.png","rss-stream.css","505_IC1_Pic1.gif","71fce645b07f8e1e0c1072752904cb6c.png","505-computeratsea.jpg","challenge","505-GateArrayPhoto.jpg","icon_wink.gif","e70a40a1c52814d1d953bf979178e3a1.png","037b6896415dceed2d5430c9bad3b048.png","62c42a95d7c1c02328cb52615485cf28.png","505-Granitoid.jpg","505senocular.jpg","812bbb4e699f3490f30ef3def379ada9.png","505-clone2.jpg","ae7479318c5928f3994415db98b6fd69.jpg","b944c50148e2e1f8274fa7aa2374850a.png","92106d10291c21de60f18e0bf5491ced.png","2cce858ae86dea1d1e814b6571b123e6.png","style.css","62e9e1d7a0919a6bfb0c7da1bfb72e1e.png","42fbd024e5410421e826bfe44e3217ba.png","44aa75154969ff5364a63c15f9e9be5a.png","505terretron.jpg","3da4df62c2d155425d789815c3dc92e2.png","2ace242147b53acada3bd4e8e69c3aa1.png","2eebdc09c7ed704318f25b454becb044.png","23f8032a536c6337c898bbb42d5e7f66.png","505_Arni-Geir.jpg","burnkit_transparent.png","TSP-rlpf.jpg","btn_donateCC_LG.gif","daba4e1de520fffa39276fe40aeeaec4.png","069a261608f6e613c95ae2d37f9cb4bd.png","505-johnnybreakbeat.jpg","8c18196ab35f90b95e335d935ccb55d6.png","9de406c844250a3408f200034ca1cd9c.png","03f7bc395d709998dfe913a0b56bda3b.png","82cac58f480c4f6ab0562efc3ba3bf63.png","f7288489f93a77b6fc7de175161a0754.png","85c718c6da996479e4a0e31af9123acc.png","c47b44a979a47e45e1d0abdd1477eb9d.png","recaptcha.js","6ac6822493b171682c0d5eb9db9ed689.jpg","icon_razz.gif","505-labelwhore.jpg","505-pitch.jpg","ctf_captcha.js","afb6ef6d7ad14e019a06d59e4f0aee13.png","505_40106squidfanny.jpg","3ad5a46efb0023c27ff580413186de86.png","26bfbed7780e41ae1be9f3fd078de253.png","e9e6d4434a8d538230f1d0f5f62d42b5.png","bbc9152ba2ba01b8191234a6b382c65d.png","refresh.gif","9a153f4989c9b35bfbcb1ae81bf5fa06.png","269f22613bc38f026be714c145e4d6b0.png","image.jpg","4db536203896ddf0b96c57efa010dce4.png","505_40106_robpcb-lowres.jpg","e9a389e7ea3e06825e0ee3bda3d8996b.png","pixel.gif","505-truk.jpg","ee8f826886854b2ba5db76ff69301355.png","b5e4f1a04489315cf8210cf97d0fc307.png","audio_mp3_play.gif","25cc70f85fdf5486fc901dd94a79fa15.jpg","10661ed2709393540a157588ecf08082.png","simplevcf-escobedo.gif","6685bd644f2cfa91a0f6d99f1d431e5c.png","fb6d31c7326919e89ec23c66c50212da.png","f2942287b44cc68bee3b6133151c3162.png","c903706e53226fc4e4afc52280514b65.png","wppa_style.css","help.gif","d9e6a318d8652df3c9f01765e55cfcba.png","505-poumtaq.jpg","aa09aa39b059652756b2cdf61bd79299.png","3ce383eb6d090b0a52a23345716ee93a.png","69e85f431adfd5c51c5772ee94da86a5.png","fcdafab1055f36b1240e829393afd50a.png","d946f2a134a3235830a5c107a3328a1a.png","a5761c61c4b50c360dd4e501f957888b.png","aba762d93c8de4bd34a2b3ffb6146dc8.png","icon_smile.gif","f6da2e876a90441160af4ae9d8c655f9.png","4a1834653de6e7b23b646bff0c533b7e.png","2271a432a2b8cc9f22b66a2e205ab698.png","5c2170f908b6d92d970e44b066309256.png","2673e9c3ef9953743014193836373baf.png","221642477843b459b926993336a2469c.png","505-electromoos.jpg","da3d3888e1aeeaba36a2beafb1a20501.png","505_Buttonpusher_1.jpg","0e026a88416d2296d79a005cea7c3263.png","52400504a904123d31cf61ae6e4b3159.png","recaptcha.css","505_IC9.jpg","505-pasha.jpg","2b31ac68c754858f19781582cae5f179.png","505_IC1_scheme1.gif","random-image.gif","d1f695d87b084bc068a44843125392f2.png","run-stop-screen.jpg","66dc1e85b65a570189673b20ab300e3e.png","c4ca20af4a3ecd8a64ea7a8d42c07131.png","505_40106.jpg","icon_biggrin.gif","8c10d796b7f2fa3f822771ec33edd10c.jpg","032b718ee219c6703b62c448d170a2a8.png","68ed07d9cc85ba21a007682f1b5f3119.png","027f3753ee67d55c57fbc4516879bbbb.png","wppa_theme.js","505-rhythminmind.JPG","505-nervoussquirrel.jpg","80de6aabc63e42f5534fedc09dbf8b4f.png","505-nikineecke.jpg","57e4fa997bdcc0088a5a3685b69a37e2.png","a_002","505_40106_gateosc.gif","0bb6b9c2cfd154eedbf2b902ae8a9132.png","091eb9b214dd8a609f04908ddac2d6c5.png","anarchy_media_player.php","6e228e479ad2c857a5203c9e23091e5d.png","e531b683cf2d5a875b24a8e00c3a3baa.png","505_40106squidfanny2.jpg","38c45adf06d2aea22fa62cf38ac199b5.png","505drawing.gif","505-squelchbox.jpg","539ca98e5759b5e3fc55757f29f03593.png","ba9654dbdb36bc99173dc6f835e7bf3f.png","332879e7a20813ea97a37cebb2bfbd7f.png","fa565f46d78afdf2a0e164989692e393.png","fd806262e07038de82284def113c314f.png","text.gif","audio.gif","505volume.jpg","5413426eb4e2f54a720163e634f806e0.png","c11acd2356fbff414cbba04302a2e6e2.png","297813ce181c6b4820b21c66c920b93f.png","51dda2164c46276df85d5f685e455ace.png","5b13cda02be38a7dab7749400ba2b426.png","7865e84647610b35cd032f6ceff71008.png"],"3":"505 guts small.jpg","4":"DSC02999.jpg","5":"TR-505-notice.PDF","6":"TR-505.html","7":"tr505bend.jpg"},"tr-707":["tr-707-schematics.jpg"]},"phone":["telephone.pdf","rtc.pdf"],"playskool":["playskool_01.jpg","playskool_03.jpg","playskool_02.jpg"],"crumar":["Trilogy_Manual.pdf","trilogy.pdf"],"556":"_circuit-bending_rules.jpg","modular":["DIY_SYNTH_bom.pdf"],"books":["Apprendre l' Electronique en Partant de Z\u00e9ro - Niveau 1 - Le\u00e7ons 01 \u00e0 28.pdf","Apprendre l' Electronique en Partant de Z\u00e9ro - Niveau 3 - Le\u00e7on 38 \u00e0 47.pdf","Apprendre l' Electronique en Partant de Z\u00e9ro - Niveau 2 - Le\u00e7ons 29 \u00e0 37.pdf"],"panasonic":{"ave5":["ave5.jpg","about.txt","notice panasonic ave5.pdf"],"ave3":["pcb3a.jpg","ave3sch.jpg","about.txt","ave1.jpg","pcb1a.jpg","pcb2a.jpg","pcb5a.jpg","pcb4a.jpg"]},"midi":["PCkeyboard2MIDI.zip"],"sony":{"familyStudio":{"Sony_XV-T33F.rtfd":["xv-t33f-components.jpg","controller.thumbnail.jpg","sony_xv-t33f.thumbnail.jpg","internalwires.jpg","interface.jpg","threechips.thumbnail.jpg","logic-labelled.jpg","xv-t33f.jpg","TXT.rtf","danger.jpg"]}},"arduino":{"nespad2midi":{"0":"MIDI_bb.png","1":"NEStoMIDI_WORKING_BIT.pde","NESpad":{"0":"NESpad.o","1":"NESpad.h","2":"keywords.txt","3":"readme.txt","4":"NESpad.cpp","examples":{"NESpad_LED":["NESpad_LED.pde"],"NESpad_serial":["NESpad_serial.pde"]}},"2":"nes_pinout.png"},"minitel":["fig1.gif","composeur-cezanne.jpg","marie-claire.jpg","reservation-sncf.jpg","annee-du-minitel.jpg","3615 Maud.jpg","3611.jpg","la telematique s'invente son futur - 1984.jpg"],"0":"arduino_realtime_audio_eng.pdf","LCD":["jhd162a_datasheet.pdf"],"arduinoboy":["Mode_MidiGb.pde","Mode_LSDJ_Keyboard.pde","Mode_LSDJ_SlaveSync.pde","Mode_Nanoloop.pde","Mode_LSDJ_MasterSync.pde","Arduinoboy1_0_1.pde","Mode.pde"]}},"pixelart":{"Kiwinuptuo":["pixel_art_tutorial___textures_by_kiwinuptuo-d3d4ufx.gif","pixel_art_tutorial___human_by_kiwinuptuo-d39p0sp.gif","pixel_art_tutorial___colors_by_kiwinuptuo-d320ykn.png","pixel_art_tutorial___basics_by_kiwinuptuo-d38pbk5.gif","pixel_tutorial___shading_by_kiwinuptuo-d31mp0f.png","animation_tutorial_1__flag_by_kiwinuptuo-d34gpcn.gif","pixel_art_tutorial___tree_by_kiwinuptuo-d393ikq.gif"]},"chiptune":{"nintendo":{"gb":{"mod_prosound":["prosound.gif"],"lsdj":["LSDJ_tutorial.pdf"],"mod_pitch":["dmg_pitchmod_02.jpg","dmg_pitchmod_01.jpg"]},"ds":{"mario paint composer":{"mpcsongs":["paradise city.mpc","more than a fee.mpc","LOZtheme .mpc","Mario Theme.mpc","song 2.MPC","StillAlive2.mpc","starfire acoust.mpc"],"0":"MarioPaintComposer.nds","1":"ReadMe.txt"}},"snes":{"prosound":["DSC00983.JPG","DSC00974.JPG","DSC00980.JPG","DSC00986.JPG","DSC00970.JPG","DSC00972.JPG","DSC00981.JPG","DSC00969.JPG","DSC00971.JPG","DSC00968.JPG"]},"miracle":["MIRB1_0.pdf","MIRB1_1.pdf","Miracle-NES-Manual.pdf"]},"atari":{"st":{"maxYmiser":{"0":"MYM_1MB.PRG","1":"CHANGES.TXT","SOURCE":{"PARADIZE.GFA":["GWEMSNDH.INL","REPLAY.LST","GWEMSNDH.S","SNDHTUNE.INL"],"0":"EXAMPLE1.MYS","1":"TEST_STE.SND","2":"EXAMPLE2.MYS","3":"EXAMPLE2.MYV","4":"MYM_REPL.BIN","5":"PLAY_TC.S","6":"MULTSNDH.SND","7":"EXAMPLE1.MYV","8":"PLAY_VBL.S","9":"MULTSNDH.S"},"SNDH_CPU":["SNDH_CPU.S","SNDH_CPU.TTP"],"2":"SPECIALN.OTE","3":"MYM_2MB.PRG","TUNES":["CHP4CASH.SND","SEQUENCE.SND"],"4":"MANUAL.TXT","5":"MYM_520.PRG"}}}},"code":{"nes":{"NESFlix":{"0":"mmc5_compile.bat","1":"mmc3.chr","2":"mmc5_header.bin","3":"order.nam","4":"nesflix_mmc3.asm","5":"asm6","6":"icon.nam","7":"adorn.gif","8":"mmc3_compile.sh","9":"mmc3_compile.bat","10":"mmc5_compile.sh","NESFlixTool":{"osx":{"NESFlixTool_OSX.app":{"Contents":{"0":"PkgInfo","Resources":{"Java":["core.jar","NESMovieConverterFinal3.jar","gifAnimation.jar","controlP5.jar"],"0":"sketch.icns"},"MacOS":["JavaApplicationStub64","JavaApplicationStub"],"1":"Info.plist"}}},"NESFlixTool_readme":{"0":"NESFlixTool_readme.pdf","1":"NESFlixTool_readme.html","img":["export.png","convert.png","video_out.png","deletefirsttile.png","compile.png","framecount.png","title.png"]},"windows":{"0":"NESFlixTool.exe","lib":["core.jar","NESMovieConverterFinal3.jar","args.txt","gifAnimation.jar","controlP5.jar"]},"linux":{"lib":["core.jar","NESMovieConverterFinal3.jar","gifAnimation.jar","controlP5.jar"],"0":"NESFlixTool"}},"11":"mmc5.chr","12":"readme.txt","13":"nesflix_mmc5.asm","14":"asm6.exe","15":"gpl.txt"}},"basic":{"0":"basicguide2.pdf","1":"basicguide1.pdf","programs":["footbal1.bas","slalom.bas","snoopy.bas","diamond.bas","wumpus.bas","bullfght.bas","chief.bas","LABYRINTH.bas","amazing.bas","boxing.bas","rusrou.bas","mugwump.bas","pizza.bas","poetry.bas","love.bas","queen.bas","stars.bas","war.bas","bombard.bas","mine.bas","test.bas","rocket.bas","craps.bas","banner.bas","evenwin1.bas","letter.bas","trek15.Z","batnum.bas","salvo.bas","slots.bas","buzzword.bas","rocksp.bas","changes.txt","combat.bas","hilo.bas","bombsawy.bas","train.bas","awari.bas","reverse.bas","life2.bas","23-match.bas","bunny.bas","bagels.bas","chemist.bas","number.bas","chomp.bas","lunar.bas","depthchg.bas","tictac1.bas","digits.bas","trap.bas","animal.bas","3dplot.bas","litquiz.bas","life.bas","guess.bas","horsrace.bas","kinema.bas","hangman.bas","battle.bas","hello.bas","towers.bas","hurkle.bas","lem.bas","roulette.bas","footbal2.bas","gomoko.bas","bowling.bas","blackjck.bas","gunner.bas","splat.bas","furtradr.bas","golf.bas","bigstartrek.bas","menus.bas","hexapawn.bas","word.bas","synonym.bas","hockey.bas","bullseye.bas","aceyducy.bas","nim.bas","nicoma.bas","basketbl.bas","evenwin2.bas","mastrmnd.bas","qubic.bas","bounce.bas","test1.bas","hi-q.bas","checkers.bas","startrek.bas","sinewave.bas","weekday.bas","cube.bas","eliza.bas","change.bas","suite.bas","orbit.bas","poker.bas","name.bas","dice.bas","calendar.bas","king.bas","mathdice.bas","target.bas","stock.bas","flipflop.bas","bug.bas","onecheck.bas","hanab.bas","tictac2.bas","hamurabi.bas"]},"glsl":["GLSLangSpec.4.00.8.clean.pdf"],"web":["learn.html"],"quartz_composer":["Quartz Composer JavaScript Reference.pdf"]},"misc":{"atari":{"lynx":{"0":"cc65.u3p","howto":{"HalloWelt":["hallobmp.bmp","test.bmp","hallobm2.pal","hallobmp.spr","hallo_a2.o","hallobm2.bmp","hallobmp.obj","hallobmp.pal","hallo_c.cpp","test.spr","hallobm2.spr","hallo_a.asm","hallo_a.o","hallo_a2.asm","test.pal"]},"lynx dev":{"0":"makefile","1":"bin2obj.c","CVS":["Root","Entries","Repository"],"2":"bmp.h","3":"sprpck.h","4":"sprpck","5":"io.c","6":"sprpck.c"},"1":"MegaPakTemplate.zip","package_2005":{"lynx":{"0":"README","1":"lynx.zip","projet":[],"2":"projet.o","3":"wav.o","4":"2001.o","5":"2001_V2.o","bll":{"microfnt":["_ICROFNT.ASM","MICROFNT.ASM","MICROFNT.EQU"],"0":"65SC02.doc","includes":["font1.inc","font.inc","INPUT.INC","POLYGON.INC","debug.inc","SAMPLE.INC","DRAW_SPR.INC","IRQ.INC","DRAW.INC","WINDOW.INC","NEWKEY.INC","depack.inc","TALKTALK.INC","FPOLYGON.INC","KEY.INC","1000Hz.inc","WINDOW2.INC","font2.inc","MSG.INC","savegame.inc","RANDOM.INC","SOUND.INC","FILE.INC","SERIAL.INC","HEXDEZ.INC","SERIAL.ALT","MESSAGE.INC","TALKTALK.NEW","check_ee.inc","font2.hlp","RANDOM2.INC","EEPROM.INC"],"1":"loader.lyx","font":["big.fnt","small2.fnt","small.fnt","font.doc","small_gr.fnt","little.fnt"],"lynx_asm":{"0":"BRK.ASM","MICROFNT":["_UMP.ASM","DUMP.EQU","DUMP.ASM"],"1":"PLAY_SMP.EQU","SOUND":["sound.equ","_ound.asm","sound.asm"],"2":"I2C_TEST.EQU","BOING":["BOING.ASM","_OING.ASM","BOING.EQU"],"3":"PLAYSMP1.LYX","4":"APFEL_2A.ASM","5":"PLAY_SMP.ASM","6":"_RAWTEST.ASM","7":"PLAYSMP2.LYX","8":"BOING.ASM","9":"_HECK_EE.ASM","10":"_ONTTST2.ASM","11":"FONTTST2.EQU","12":"BRK.EQU","13":"I2C_TEST.ASM","256MANDL":["256MANDL.ASM","_56COL.ASM"],"14":"CIR_TUNN.EQU","15":"IRQ_TEST.EQU","INSERT":["ATARI.SPS","INSERT.ASM"],"LITE":{"0":"X.SPR","1":"X.PIC","2":"MASKE.PIC","3":"_ITE.ASM","4":"ROUTE.DAT","5":"MASKE.GFA","6":"LITE.ASM","SPR":["BACKGND1.SPR","INVADERS.SPR"],"7":"MASKE.SPS","8":"MASKE.SPR","9":"LITE.EQU","10":"_ASKE.SPS","11":"ROUTE.GFA","12":"X.SPS","13":"ROUTE.LST","14":"_.SPS"},"16":"CIR_TUNN.ASM","17":"DISASS.ASM","256COL":["COLORS.DAX","256COL.ASM","256COL.EQU","COL_TAB.LST","_56COL.ASM"],"MINIDEMO":["DEMO04.ASM","DEMO03.EQU","DEMO05.EQU","DEMO01.ASM","_EMO05.ASM","DEMO03.ASM","DEMO05.ASM","SPRITE.SPR","DEMO02.ASM","SPRITE.MAK","SPRITE.SPS","DEMO01.EQU","_EMO04.ASM","DEMO04.EQU","DEMO02.EQU"],"18":"IRQ_TEST.ASM","LOGON":["LOGON.EQU","LOGON.ASM","_OGON.ASM"],"19":"CHECK_EE.EQU","20":"DRAWTEST.ASM","21":"PLAY_SMP.MAK","FIRE":["FIRE.EQU","FIRE.ASM"],"22":"FONTTST2.ASM","23":"_IR_TUNN.ASM","24":"DEMO0006.ASM","25":"PLAY_SMP.LYX","26":"CHECK_EE.ASM","27":"BOING.EQU","28":"DEMO0006.EQU","29":"RAW.ASM","PONR":["PONR_II.MAK","PONR_II.ASM","KINGTUT.PIC","KINGTUT.ASM","PONR.MAK","KINGTUT.PAL","PONR.ASM"],"30":"APFEL_2A.EQU","31":"DRAWTEST.EQU","32":"RAW.EQU"},"macros":["HANDY.SYM","HANDY.ASM","KEY.MAC","SUZY.MAC","IF_WHILE.MAC","_UZY.MAC","_ANDY.EQU","HELP.MAC","NEWKEY.MAC","IRQ.MAC","WINDOW.MAC","_F_WHILE.MAC","_ILE.MAC","FILE.MAC","HARDWARE.SYM","_ICROFNT.MAC","MICROFNT.MAC","FONT2.MAC","_IKEY.MAC","_ELP.MAC","FONT.MAC","MIKEY.MAC","DEBUG.MAC","HANDY.EQU","HARDWARE.EQU","SOUND.MAC","HARDWARE.ASM"],"games":["LODERUNR.TXT","PONG5.TXT"],"2":"macro.lst","history":["LYNXBOO2.ASM","CARDHEAD.LYX","LOADER23.ASM","LYNXBOOT.ASM"],"c":["SPRPCK.TTP","SPRPCK.C"],"vardefs":["1000HZ.VAR","MESSAGE.VAR","TALKTALK.VAR","_SG.VAR","_OLYGON.VAR","IRQ.VAR","DEBUG.VAR","FONT.VAR","_POLYGON.VAR","KEY.VAR","MIKEY.VAR","DRAW.VAR","SERIAL.VAR","EEPROM.VAR","_ELP.VAR","HELP.VAR","MSG.VAR","SOUND.VAR","WINDOW.VAR","FILE.VAR","FPOLYGON.VAR","SAMPLE.VAR","RANDOM.VAR","FONT2.VAR","_RAW.VAR","POLYGON.VAR","NEWKEY.VAR","SUZY.VAR"],"3":"README.1ST","atari_st":{"0":"SPRPCK.TTP","1":"TP_GEM.GTP","MIDI":["MONLYNX2.TOS","SHOWMIDI.TOS","GETLPIC.TTP","LYXASS.TTP","SEND_OBJ.TTP"],"2":"INSERT.OX","3":"NEWLYNX.TTP","4":"FONT_ED.PRG","5":"LYXASS.UP","SERIAL":["MONLYNX2.TOS","PUT_232.TTP","GETLPIC.TTP","SHOW_232.TOS","62500BD.PRG","LYXASS.TTP","62500BD.S","31250BD.PRG","SEND_OBJ.TTP"],"SRC":["GETLPIC.S"],"6":"LYNXER2.TTP","7":"LYNXER.DOC","8":"LYXASS.DOC","SPRITE":["SPR_PCK.TTP","SPR_PCK.DOC","SPRITE2.SPR","SPRITE.SPR","SPRITE.SPS","SPRITE2.SPS"],"9":"LYNXER4.TTP"},"bin":["SINTAB_8.ASM"],"etc":["PHOBYX1.PAL","LYNX.ROM"],"4":"loader.doc"},"wav":[],"6":"minimal.o","minimal":["minimal.obj","minimal.m65","minimal.olb","Copie de minimal.c","minimal.c"],"newcc65":{"runtime":["makefile","global.m65","runtime.m65","labels.m65","runtime.bat"],"0":"wav.o","1":"compile.bat","doc":["link65.doc","addenum.ra","ra65.doc","obj.doc","libr65.doc","internal.doc","readme.txt","intro.doc","cc65.doc","LYNXER.DOC"],"libsrc":{"0":"tolower.m65","1":"iscntrl.obj","2":"stdio.m65","3":"atari.m65","4":"isupper.c","5":"ispunct.obj","6":"tprintf.m65","7":"islower.c","8":"iswhite.obj","9":"toascii.c","10":"makefile","11":"parselin.m65","12":"bcopy.m65","13":"fclose.c","14":"strchr.m65","15":"iscons.c","16":"isspace.c","17":"files.g","18":"pmalloc.c","19":"copyleft.jrd","20":"getch.m65","21":"otoi.c","22":"isalnum.obj","23":"utoi.c","24":"mul.obj","25":"bzero.m65","26":"c.olb","27":"isalpha.m65","28":"rename.c","29":"iswhite.m65","30":"isatty.obj","31":"disclaim.m65","32":"fname.c","33":"otoi.obj","34":"atascii.bat","35":"atoi.c","36":"itox.c","37":"write.m65","38":"h-files.lst","39":"isxdigit.obj","40":"itod.c","41":"ctype.h","42":"frename.m65","43":"isxdigit.c","lynx":["3d.obj","draw.obj","wfile.obj","file.m65","sample.m65","makefile","random.obj","box.m65","to2.m65","sample.obj","setrgb.obj","setbuff.m65","bcd.m65","random.m65","to2.obj","draw.m65","eeprom.obj","poly.m65","pixel.m65","upload.m65","lynx.m65","draw_spr.m65","to.obj","irq.obj","setbuff.obj","eeprom.m65","draw_spr.obj","wfile.m65","setrgb.m65","upload.obj","to.m65","lynx.olb","defpal.obj","3d.m65","flip.obj","swapbuff.m65","defpal.m65","flip.m65","bcd.obj","box.obj","pixel.obj","file.obj","irq.m65","swapbuff.obj"],"44":"rwcommon.m65","45":"strchr.obj","46":"itoa.m65","47":"utoi.obj","48":"bzero.obj","49":"itoab.c","50":"mul.m65","51":"ascii.bat","52":"isodigit.m65","53":"startup.c","54":"itod.obj","55":"div.m65","56":"bcopy.obj","57":"changelo","58":"itox.obj","59":"toascii.obj","60":"isascii.obj","61":"file.h","62":"cputc.m65","63":"itoab.obj","64":"strlen.m65","65":"isdigit.obj","66":"fread.c","67":"delete.c","68":"disclaim.h","69":"toupper.m65","70":"fdelete.m65","71":"dtoi.c","72":"isprint.c","73":"strcpy.m65","74":"read.m65","75":"strcat.obj","76":"gets.c","77":"isatty.c","78":"strlen.obj","79":"files.lst","80":"isgraph.c","81":"isascii.c","82":"isodigit.obj","83":"isalpha.obj","84":"strcmp.obj","85":"stdio.h","86":"ispunct.c","87":"isupper.obj","88":"fwrite.c","89":"fprintf.c","90":"fopen.c","91":"xtoi.c","92":"atoi.obj","93":"cgets.m65","94":"strcat.c","95":"atoib.obj","96":"itou.obj","97":"strcmp.m65","98":"cgetc.m65","99":"itoo.c","100":"atoib.c","101":"time.c","102":"toupper.obj","103":"itou.c","104":"iscons.obj","105":"fgets.c","106":"iscntrl.c","107":"readargs.c","108":"isdigit.m65","109":"fputs.c","110":"reverse.c","111":"isprint.obj","112":"close.m65","113":"isgraph.obj","114":"islower.obj","115":"open.c","116":"isalnum.c","117":"heap.m65","118":"m-files.lst","119":"itoo.obj","120":"div.obj","121":"isspace.obj","122":"dtoi.obj","123":"strcpy.obj","124":"c-files.lst","125":"closeall.m65"},"wav":["tuto wav2lsf.txt","WAV2LSF.EXE","wav2h.bat","bin2c.exe","untitled.h","Untitled.wav","wav.c"],"include":["global.h","ctype.h","file.h","lynx.h","stdlib.h","runtime.h","stdio.h","lynxlib.h"],"Lib":["runtime.run","c.olb","lynx.olb"],"bin":["INSERT.O","link65.exe","bin2obj.exe","make_lnx.exe","lynxer.exe","sprpck.exe","ra65.exe","xopt.exe","make.exe","cc65.exe","libr65.exe","lyxass.exe","printobj.exe"],"examples.c65":["minimal.m65","makefile","mandel.m65","title.pcx","gfxtest.m65","mandel.c","gfxtest.c","minimal.c"]}}},"2":"lynx dev.zip"}},"Z80":["z80.pdf","Build-Your-Own-Z80-Computer.pdf"],"apple_llc":["clefsiic.pdf","appleiic2.pdf","appleiic1.pdf"],"amstrad":["DDI-1.pdf","cpc464manual.pdf","ma02-1.pdf","ma02-2.pdf","464.pdf","MANUEL_TECHNIQUE_464.pdf","ch10.pdf","cles pour AMSTRAD 1.pdf","50_prog_cpc.pdf","Notice changement de courroie.pdf","464sugar.jpg","ma5.pdf"],"Toshiba_Libretto":{"fixing":{"0":"everything.html","everything_fichiers":["button_search.gif","cisco18-150x150.png","pcmcia7-150x150.png","cisco8-150x150.png","cisco11-150x150.png","pcmcia6-150x150.png","all.js","sound6-150x150.png","sound5-150x150.png","video2-150x150.png","cisco1-150x150.png","DSC_0016-300x168.jpg","cisco15-150x150.png","style.css","sound3-150x150.png","pcmcia1-150x150.png","cisco5-150x150.png","image001-150x150.jpg","cisco4-150x150.png","sound1-150x150.png","pcmcia3-150x150.png","IMGP7769-300x199.jpg","video1-150x150.png","DSC_0021-300x168.jpg","IMAG0300-150x150.jpg","pcmcia8-150x150.png","cisco13-150x150.png","cisco2-150x150.png","IMAG0295-150x150.jpg","print.css","update1-150x150.png","people.png","video3-150x150.png","login-300x180.png","video4-150x150.png","video6-150x150.png","DSC_0020-300x168.jpg","IMAG0293-150x150.jpg","ide-150x150.png","valid_css.gif","cisco16-150x150.png","sound2-150x150.png","rss.png","cisco9-150x150.png","pcmcia5-150x150.png","cisco21-150x150.png","blogroll.png","IMGP7763-300x199.jpg","cisco7-150x150.png","cisco14-150x150.png","cisco17-150x150.png","DSC_0014-300x168.jpg","pcmcia10-150x150.png","cisco19-150x150.png","toshiba_libretto_50ct-300x225.jpg","IMAG0294-150x150.jpg","DSC_00141-300x168.jpg","control3-150x150.png","valid_xhtml.gif","DSC_0023-300x168.jpg","pcmcia2-150x150.png","video5-150x150.png","DSC_0022-300x168.jpg","control2-150x150.png","cisco10-150x150.png","cisco6-150x150.png","wp-syntax.css","IMGP7771-300x199.jpg","cisco12-150x150.png","saminside-300x131.png","cisco20-150x150.png","IMAG0292-150x150.jpg","pcmcia4-150x150.png","IMAG0306-300x179.jpg","sound7-150x150.png","control1-150x150.png","sound4-150x150.png","pcmcia9-150x150.png","cisco3-150x150.png"]},"drivers":["libretto_100_110_nt4.zip","libretto_110_95.zip","libretto_100_110_98.zip"]}},"audio":["Multicanal.pdf","BASS-TRAPS-DIY.pdf","Mixage-Mastering.pdf","WaveArtsManual.pdf"],"hack":{"osx":{"passwordreboot.rtfd":["tongue.gif","TXT.rtf"]},"psmove":["tetlove.zip"]}}},"music":[],"images":{"emoticons":["smiley-chores042.gif","smiley-ashamed006.gif","smiley-angelic010.gif","smiley-talk010.gif","emoticon-games-025.gif","smiley-chores003.gif","smiley-sex011.gif","smiley-angry015.gif","smiley-violent029.gif","smiley-char038.gif","smiley-whacky046.gif","smiley-char054.gif","smiley-angry021.gif","smiley-music001.gif","smiley-char042.gif","smiley-angry029.gif","smiley-chores029.gif","smiley-transport033.gif","smiley-char039.gif","smiley-transport006.gif","smiley-chores015.gif","smiley-chores010.gif","smiley-char023.gif","banana.gif","smiley-sw003.gif","smiley-confused009.gif","smiley-chores027.gif","smiley-dance006.gif","smiley-char001.gif","smiley-alien011.gif","smiley-violent022.gif","smiley-cool21.gif","smiley-computer008.gif","smiley-char005.gif","smiley-sick001.gif","smiley-alien001.gif","smiley-computer002.gif"],"bmp":["TICHET GANHO 2013 (MC) 1.bmp"],"wallpaper":["win93.jpg"],"svg":["Arecibo_message.svg","HAL9000.svg"],"promo":["neckbeard-nest5.jpg","neckbeard-nest19.jpg","neckbeard-nest1.jpg","boots-on-gogole-as-well.png","maze.jpg","neckbeard-nest8.jpg","lala.jpg","tom.jpg","Sans titre 7.png","get-your-self-free.jpg","neckbeard-nest17.jpg","cat.jpg","w93-glitch-1.png","win-wall.png","p0rn.jpg","win93-93.png","neckbeard-nest15.jpg","Capture d\u2019\u00e9cran 2014-10-21 \u00e0 20.00.21.png","why.png","DOCK.png","install.jpg","lsdj.jpg","Sans titre 8.png","neckbeard-nest12.jpg","oldest.jpg","neckbeard-nest10.jpg","01.jpg","neckbeard-nest18.jpg","Sans titre 4.png","w93-glitch-2.png","tomorow is the future.jpg","desktop1.png","micro-guy.jpg","Sans titre.png","rotate.png","win93.gif","woz.png","use3.png","osx-guy.jpg","use4.png","nokia.png","marbihfkshfk.png","stive.jpg","desktop2.png","neckbeard-nest9.jpg","bill.jpg","marburg.png","neckbeard-nest3.jpg","win93-lisa.jpg","ekjfzjefe.jpg","win93-desk.jpg","neckbeard-nest14.jpg","lisa93.jpg","neckbeard-nest7.jpg","neckbeard-nest16.jpg","neckbeard-nest4.jpg","neckbeard-nest2.jpg","bono.png","25-10-1993.jpg"],"gif":{"0":"dontcopythatfloppy_by_wrim-d7fygwm.gif","1":"RGM.gif","2":"mk60illIWp1qdrzxno1_500.gif","3":"msku9k3jz61rup2f3o1_500.gif","4":"circlelove.gif","5":"sndvol32_300_animated_by_wrim-d56xamw.gif","6":"mov0k1M2V01rp8v27o1_500.gif","7":"toolbox_by_wrim-d5w287g.gif","8":"vaguemathematique.gif","9":"webcam_profile_picture_by_wrim-d5f5bqi.gif","10":"icon_program_hello_by_wrim-d5qyebx.gif","11":"BRY.gif","12":"YCB.gif","13":"pissingblood.gif","14":"chippie__electronic_perch_by_wrim-d5vcujd.gif","15":"c253.gif","16":"CMR.gif","17":"mjq44v4g2i1qf5do9o1_400.gif","illusions":["illusions-d-optique-gif-4.gif"],"18":"lvgbbnCMef1qjo4f3o1_500.gif","19":"the-gif-that-keeps-on-giving.gif","20":"mn7ut9DrA21rk1qp5o1_500.gif","21":"leventdanstescheveuxtevatresbien.gif","22":"the__externals_by_wrim-d5uknjq.gif","23":"chippie__spooky_bin_by_wrim-d5o8obu.gif","24":"mjymhrOuLg1r6oew5o1_400.gif","25":"rotating_planet_earth_32_x_32_icon_by_wrim-d5fqsmz.gif","26":"n8vbnp2KqR1te9khoo1_400.gif","27":"seamlessepilepsy.gif","28":"mtem2n8zhl1qbjwp2o1_500.gif","29":"wave_player_by_wrim-d6efsqb.gif","30":"windows_chicago_network_neighbourhood_by_wrim-d5agql5.gif","31":"LesMaitres_1299754253.gif","32":"mwmvq47pvA1rc69kyo1_1280.gif","33":"wizard_icon_by_wrim-d5ac8gw.gif","34":"mu1m7nVuUy1qiiuvxo1_400.gif","35":"m5b4jepF2t1qa727no1_500.gif","36":"regedit_cursor__download__by_wrim-d715wfz.gif","37":"mmb0vft3vQ1qkjjfoo1_500.gif","38":"tool__flashlight_by_wrim-d5m8qrb.gif","39":"suckmonscreen.gif","40":"mesyeuxsontbeaux.gif","41":"calendar_with_animated_clock_by_wrim-d605g0e.gif","42":"itsaduel.gif","43":"maisquestcequecest.gif","44":"avatar-150x150.gif","45":"solmineur.gif","46":"mwmne4liWl1rnwo2vo1_500.gif","47":"mt47m0UgWP1spbxtzo1_400.gif","48":"blackhole.gif","49":"notso3dmario.gif","50":"disassembling_a_regbyte_finished_by_wrim-d711vj1.gif","51":"sweeper_by_wrim-d6j7tex.gif","52":"08d5cb841037b0c9eb32c92cfc1bf332de7acb14_m.gif","53":"tool__compressor_by_wrim-d5tbfc3.gif","54":"travesssmalley1.gif","55":"faimdetesyeux.gif","56":"icons___critter__young_chippie_by_wrim-d3d1g0q.gif","57":"tool__gauge_by_wrim-d5u0pxi.gif","58":"windows_98_eula_pen_animated_by_wrim-d52ledw.gif","59":"mnjvnyCF4R1qzs8xwo1_500.gif","60":"RG.gif","61":"granzilla.gif","62":"my_documents_animated_commission_by_wrim-d5iuwi9.gif","63":"catz.gif","64":"75240f9be210948271db63e289e4be9dbbbeffeb.gif","65":"troudeverre.gif","66":"chippie__shredder_by_wrim-d6efxwt.gif","67":"RGY.gif","68":"tool__drill_by_wrim-d5aguzd.gif","69":"berthier_chat.gif","70":"cahacha-alto.gif","71":"khan4.gif","72":"realpixelmonster.gif","73":"maisjecestpasahsi.gif","74":"welcomer23.gif","75":"YCR.gif","76":"welovedvdp.gif","77":"puking_icon_by_wrim-d5mrced.gif","78":"tool__drivespace_by_wrim-d5v8eqg.gif","79":"YCB-1.gif","80":"m70f5kYipv1ra17moo1_400.gif","vortex":["Illusion_points_bleus.gif","Illusion_en_Noir_et_Blanc.gif","Illusion_de_dingue.gif","Illusions_de_rayures.gif","Illusion_de_malade.gif","Montagnes_Illusion.gif","Illusion_d_optique_cool.gif","Illusion_de_couleurs.gif","Illusion_spirale_circle.gif","Illusion_d_optique_serpent.gif","Illusion_Hypnose.gif","Escalier_illusion.gif","Illusion_animation.gif"],"81":"phil.gif","jcvd":["Danse.gif","JCVD-Whats-Up.gif","danse-3.gif","Danse-2.gif"],"82":"mwk0pbMPrc1rvbjw7o1_500.gif","83":"tool__tape_measure_by_wrim-d5ouzre.gif","84":"don_t_play_in_the_trashcan__by_wrim-d699nsh.gif","85":"cestlafin.gif","86":"1988_TheColony.gif","87":"wind.gif","88":"dnatoudoudou.gif","89":"mjfzw3GPtq1rydndvo1_1280.gif","90":"lydxjviX8S1qb14uyo1_400.gif","91":"MYB.gif","92":"RGC.gif","93":"videogramo-mirror.gif","94":"totallygif.gif","95":"chippie__lipdrive_by_wrim-d56wo2w.gif","96":"nou.gif","97":"mason_indx.gif","98":"CMY.gif","99":"keanureeves.gif","100":"mhpi369hCM1r6oew5o1_500.gif","101":"healing_icon_by_wrim-d3l9gmo.gif","102":"russianpyramid.gif","103":"GBY.gif","104":"mmi0vq4jDB1sqtsw4o1_400.gif","105":"fracturas.gif","106":"mm8d33Ubuu1qkjjfoo1_500.gif","107":"mbytphtViG1r12oofo1_500.gif","108":"kemponacid.gif","109":"lkbxc4qncE1qd2avdo1_500.gif","110":"ondessonores.gif","111":"portal_shortcut__small__by_wrim-d6j9bxx.gif","112":"hulagirl.gif","113":"GBM.gif","114":"runningcat.gif","115":"microsoft_windows_paperclip_sleeping_on_the_job_by_wrim-d5sn7g1.gif","116":"allyourbase-animated.gif","117":"myshomeistheinternet.gif","118":"BRC.gif","119":"muy8f0DlJj1r4qhjio1_400.gif","120":"dna.gif","121":"radiostars.gif","122":"GBC.gif","123":"GB.gif","124":"BRM.gif","125":"273.gif","126":"diamondareforeva.gif","127":"lrxwbxbbd71r3345ro1_100.gif","128":"CMB.gif","129":"msic2phIWD1snslrwo1_500.gif","mrdiv":["tumblr_mu3qdp9wZb1qzw1qyo1_500.gif","tumblr_m1ij33PgEy1qzw1qyo1_500.gif","tumblr_m8r8u6QyZD1qzw1qyo1_500 (1).gif","tumblr_mai8ucdVbd1qzw1qyo1_500.gif","tumblr_mp7z84wlJZ1qzw1qyo1_500.gif","tumblr_m484w0Oldp1qzw1qyo1_500.gif","tumblr_m676j4ci521qzw1qyo1_500.gif","tumblr_lhr8hfpNgR1qzw1qyo1_400.gif","tumblr_mjpuzqHPYU1qzw1qyo1_500.gif","tumblr_m22hd1GfRP1qzw1qyo1_500.gif","tumblr_mb9x20F16h1qzw1qyo1_500.gif","tumblr_m42kvrp6O01qzw1qyo1_500.gif","tumblr_m1iqeeCDx41qzw1qyo1_500.gif","tumblr_mlnzx84Ur21qzw1qyo1_500.gif","tumblr_ma5kt5VVoZ1qzw1qyo1_r1_500.gif","tumblr_m3d5veDsGG1qzw1qyo1_500.gif","tumblr_m7oc3qgfjc1qzw1qyo1_500.gif","tumblr_nao0z4k3zO1qzw1qyo1_500.gif","tumblr_m2qmbt51p01qzw1qyo1_500.gif","tumblr_mq7a3vfsKu1qzw1qyo1_500.gif","tumblr_m35uqeEVF31qzw1qyo1_500.gif","tumblr_m1x3rxU6NP1qzw1qyo1_500.gif","tumblr_m6qyybDaS11qzw1qyo1_500.gif","tumblr_mawv5zbJY61qzw1qyo1_500.gif","tumblr_mh94l03PX11qzw1qyo1_500.gif","tumblr_n2yen3lSyW1qzw1qyo1_500.gif","tumblr_mgwafqL33c1qzw1qyo1_500.gif","tumblr_lz6ufreG541qzw1qyo1_500.gif","tumblr_m6li0c7mMu1qzw1qyo1_500.gif","tumblr_m3ar191WAk1qzw1qyo1_500.gif","tumblr_m4hjgjCjUa1qzw1qyo1_r1_500.gif","tumblr_m746zqgv4l1qzw1qyo1_500.gif","tumblr_m46uw7Z5x61qzw1qyo1_500.gif","tumblr_m8r8u6QyZD1qzw1qyo1_500.gif","tumblr_n3ty3173ir1qzw1qyo1_500.gif","tumblr_m6n98gMM6f1qzw1qyo1_500.gif","tumblr_m3ogs6FB0A1qzw1qyo1_r1_500.gif","tumblr_m104u2rjVC1qzw1qyo1_500.gif","tumblr_n85aner12e1qzw1qyo1_500.gif","tumblr_m4hvedsH7P1qzw1qyo1_500.gif","tumblr_m6fxqnZN8U1qzw1qyo1_500.gif","tumblr_m15e9kWPL01qzw1qyo1_500.gif","tumblr_m35ytmskPX1qzw1qyo1_r2_500.gif","tumblr_mg9ovmrAoO1qzw1qyo1_500.gif","tumblr_m1x9hnR7W71qzw1qyo1_500.gif","tumblr_m3ggjmJbR31qzw1qyo1_500.gif","tumblr_m2sa58N0j31qzw1qyo1_500.gif","tumblr_m22xkzpSBo1qzw1qyo1_500.gif","tumblr_m8wr4xuVmL1qzw1qyo1_500.gif","tumblr_ly8ct4Bv0F1qzw1qyo1_500.gif"],"130":"progress_bar_classic_by_wrim-d5v9n6d.gif","131":"headspiral2.gif","132":"dialing_progress_by_wrim-d6efbua.gif","133":"CM.gif","134":"MYG.gif","135":"mpaadyZY8O1rby04wo1_500.gif","136":"tool__wrench_by_wrim-d56o3f3.gif","137":"lisa.gif","138":"shortcut_portal_by_wrim-d3kur8q.gif","139":"fractura.gif","140":"567.gif","141":"MYR.gif","142":"YCG.gif","143":"lkfdznP6ST1qg39ewo1_500.gif","144":"CMG.gif","145":"defragmentation.gif","146":"couleurdanslesyeux.gif","147":"videogramo.gif","148":"similar.gif","149":"880.gif","150":"bibgame.gif","151":"handfingers.gif","152":"chippie__parr_by_wrim-d3embsn.gif","153":"m4f0lyagxm1qetdhio1_500.gif","154":"mf5cw0jFZS1qim76zo1_500.gif","155":"5075_3550_480.gif","156":"mp9v64putJ1qkjjfoo1_500.gif","157":"bit_explosion_by_wrim-d5o2mdd.gif","158":"MY.gif","159":"eyemassage.gif","160":"tool__winzip_by_wrim-d5if5vg.gif"},"png":["mjdbriLtsZ1qaxklho1_400.png","mvxoldR1cT1qez9jwo1_500.png","schema-carte-cpld7032.png","mq5lz5Pxhn1rkxzxao1_400.png","mt8pggPntz1s8asxho1_500.png","microsoft_windows_keys_and_locks_by_wrim-d5ncbuv.png","868px-Tatung-einstein-computer.png","mfannrm4uA1r1paozo1_500.png","mmeyjgb6M91qjtz9wo1_500.png","mi4hvmuXTP1s5exf4o1_500.png","m9tfvwvyzd1rsxskno1_500.png","msmch58rjk1sfhfhuo1_500.png","m9h2qgHtSD1ra1fjco1_500.png","mwla2k47tL1qjo4f3o1_400.png","mkycysMNU91r3fiezo1_400.png","levellord.png","clippy.png","mvqz8373bL1s8asxho1_1280.png","m9q8poDFrw1rtca9bo1_400.png","mbsiyjYMbx1rde8b6o1_500.png","oignon.png","mkwxi4eUTu1qdjbbio1_500.png","mi1xvfVtPG1qzztxjo1_500.png","lenna.png","Sans titre 10.png","jankenpopp-amiga-heart.png","mwnkgxzBp81qdjbbio1_1280.png","my9jhiWHkj1t8u8m6o1_500.png","mkwuunY8Pd1rydndvo1_500.png","a_christmas_special_by_fagian-d2ypxxj.png","Apple_II_tranparent_800.png","mkmby1wjLp1sn82swo1_500.png","Sans titre 19.png","mydt0m5LGt1rxatr5o1_500.png","mmfci18xQb1r6oew5o1_1280.png","mps77oQnl31s0swv0o1_500.png","mxtp0ieXBs1s8asxho1_500.png","mf1dnqD7AW1rggaflo1_500.png","Bright_anime_eyes.png","[Angel+Beats!]+Yuri+Eyes.png","mi39e6sEKe1s5exf4o1_500.png","myk1hlfPM71s8asxho1_500.png","mmfci18xQb1r6oew5o3_1280.png","ship_doodle_by_wrim-d56a3ex.png","mk4dxwylDS1qm7xkuo1_500.png","error-alpha.png","cones.png"],"jpg":["20120430-162516.jpg","funny-firefox-stick-tongue-window.jpg","d11.jpg","spirit-animal1.jpg","lol-cat-by-computer-hilarious-images-of-animals.jpg","10406660_477494759062999_72858099158441221_n.jpg","msxu5dLYes1s0socwo1_1280.jpg","keyskate.jpg","meet.jpg","1361704132_1252006521.jpg","10553611_500155293463612_4169762188022791482_n.jpg","mhm8qxO78W1qcb5fko1_1280.jpg","Parked%20Domain%20Girl.jpg","942690_10200616396425939_69860688_n.jpg","glitksdjhfhd.png","real-girl-windowlicker.jpg","972262_10151500820931173_1983117446_n.jpg","70c2459d2fcb9ad21f560015bd2d3b57b96087e5.jpg","boyaffiche.jpg","glisjdfgusdgfgs.png","d15.jpg","156878_242645189214625_1004763650_n 2.jpg","252.jpg","t18.jpg","bg_1.jpg","glisjhfgs-1.png","compuboy.jpg"],"screenshot":["2FSddzR.png"]},"roms":{"dmg":{"demos":["jml-mce.gb","jml-sam.gb","jml-we.gb","Punk.gb","CLOWN1.gb","jml-skin.gb","mc-mrder.gb"],"music":["MusicTechV1.gb","Deathray.gb","ElectricDrum.gb","DrumTech.gb","MusicTechV2.gb","nanoloop171d.gb","nanosynth.gb","fatass.gb","muddygb11.gb","ucbnMain.gb","pounder.gb","rez.gb","lsdj3_1_9_demo.gb","nanovoice.gb","shitwave.gb","nanovoice2001.gb","lsdj3_5_1_player.gb","mGB.gb","nerdrix.gb","nanoloop16d.gb"],"fail":["Glitch_Grrrlz-Vol01.gbc","TOONS.gb","PLOT.gb","CubeRaider.gb","DXCP.gb","CAT.gb","Pokeglitch.gb","FLEX.gb"]},"sms":{"music":["CWP.sms","TRG.sms"],"games":["Ninja, The.sms","Alex Kidd in Miracle World.sms","Tom & Jerry.sms","Sonic Chaos.sms","Ecco the Dolphin.sms","Star Wars.sms","Shinobi.sms","Alien 3.sms","Space Harrier 3-D.sms","SonicTheHedgehog.sms","After Burner.sms","Jurassic Park.sms","Aladdin.sms","Earthworm Jim.sms","Space Harrier.sms","Lion King, The.sms","R-Type.sms","Bomber Raid.sms"]},"atarist":{"0":"0913.zip","1":"r0x.st","0913":["0913.nfo","0913.prg"],"games":["Fire and Ice (1992)(Graftgold)(Disk 1 of 2)[cr Cynix].st","Lemmings (1990)(Psygnosis)[cr Replicants - ST Amigos][t2].st","Dragon Breed (1989)(Activision)[cr Replicants][t][a].st","Deuteros (1991)(Activision)(M3)(Disk 2 of 2)[cr Replicants].st","Exile (1991)(Audiogenic)[cr Elite][b].st","FlashDemo.st","Speedball 2 - Brutal Deluxe (1990)(Image Works)[cr Replicants - ST Amigos].st","Lemmings (1990)(Psygnosis)[cr BBC].st","Chaos Engine, The (1993)(Renegade)(Disk 2 of 2)[cr Cynix].st","Saint Dragon (1990)(Sales Curve)[cr Replicants][t].st","Pang (1990)(Ocean)[cr Replicants][t][a].st","dmaster.sts","Kick Off (1989)(Anco)[cr Delight].st","Lotus Esprit Turbo Challenge (1990)(Gremlin)[cr Empire][a].st","James Pond II - Codename Robocod (1992)(Vectordean)[cr Elite][t].st","lem.sts","Nebulus (1988)(Hewson)[cr Atarilegend].st","Turrican II (1991)(Rainbow Arts)[cr Replicants][t].st","Fire and Ice (1992)(Graftgold)(Disk 2 of 2)[cr Cynix].st","rick_dangerous.sts","Carrier Command (1988)(Rainbird).st","Oids (1987)(FTL)[cr Was -Not Was-].st","Buggy Boy (1988)(Elite)[cr Bladerunners].st","Another World (1991)(Delphine)(Disk 1 of 2)[cr Elite][t][a].st","Nitro (1990)(Psygnosis)[cr Empire][t][a].st","Sensible Soccer (1992)(Renegade)(M4)(Disk 2 of 2)[cr ICS].st","Lemmings (1990)(Psygnosis)[cr Empire][t].st","Chaos Engine, The (1993)(Renegade)(Disk 1 of 2)[cr Cynix].st","Stunt Car Racer (1989)(Micro Style)[cr].st","Kid Gloves (19xx)(Millennium)[cr ACF][t].st","Prince of Persia (1990)(Broderbund)[m].st","Ghosts 'n' Goblins (1990)(Elite)[cr][t3].st","Super Cars II (1991)(Gremlin)[cr Elite].st","Toki (1991)(Ocean)[cr BBC - Medway Boys][t].st","Sensible Soccer (1992)(Renegade)(M4)(Disk 1 of 2)[cr ICS].st","Rick Dangerous (1989)(Core Design - Firebird)[cr Medway Boys][t].st","ce.sts","No Second Price (1993)(Thalion)[cr Superior].st","Atomino (1990)(Psygnosis)(M3)[cr Empire].st","Gauntlet II (1986)(Atari Corp.)[cr Medway Boys][t][one disk].st","Chuck Rock (1991)(Core Design)(Disk 1 of 2)[cr Hotline][t2].st","Batman - The Movie (1989)(Ocean)[cr Atarilegend][t].st","Indy Heat (1992)(Sales Curve)[cr Elite].st","Bubble Bobble (1987)(Firebird)[cr TEX][t].st","Vroom (1991)(Lankhor).st","Dungeon Master.stx","Exile (1991)(Audiogenic)[cr Factory].st","FLASH.MSA","International Karate plus (1988)(System 3).st","speedball2.sts","JunkDemo.st","Gods (1991)(Renegade)[cr Vmax][t2][one disk].st","DungeonMasterAtariST.st","Deuteros (1991)(Activision)(M3)(Disk 1 of 2)[cr Replicants].st","Another World (1991)(Delphine)(Disk 2 of 2)[cr Elite].st","Continental Circus (1989)(Sales Curve)[cr Medway Boys][a2][one disk].st","Chuck Rock (1991)(Core Design)(Disk 2 of 2)[cr Hotline][t2].st","Frontier - Elite II (1993)(Frontier Developments)(SW).st"]}}},"7":"mimetypes.js","8":"effects.svg"}}